2025-12-11 10:55:14 [info] 📥 Nueva solicitud a /userinfo
2025-12-11 10:55:14 [info] 🔍 Ejecutando getOfferInfo()...
2025-12-11 10:55:14 [info] 📡 Iniciando getOfferInfo() para ANI: 3142261464
2025-12-11 10:55:14 [info] 🔍 Consultando impacto: 1
2025-12-11 10:55:15 [info] ✔️ Impacto 1 respondió en 828 ms
2025-12-11 10:55:15 [info] 🔍 Consultando impacto: 2
2025-12-11 10:55:15 [info] ✔️ Impacto 2 respondió en 261 ms
2025-12-11 10:55:15 [info] 🔍 Consultando impacto: 3
2025-12-11 10:55:15 [info] ✔️ Impacto 3 respondió en 253 ms
2025-12-11 10:55:15 [info] ✅ Impacto 3 encontrado, texto detectado
2025-12-11 10:55:15 [info] ⏳ Consultando opción, validation y cases en paralelo...
2025-12-11 10:55:16 [info] ✔️ Consultas paralelas completadas en 547 ms
2025-12-11 10:55:16 [info] 🏁 Finalizando getOfferInfo(). Impacto encontrado: 3
2025-12-11 10:55:16 [info] option recibido: "Devuelve el 8,36% x 6 meses al cliente"
2025-12-11 10:55:16 [info] 🚫 No contiene 'Matriz'. No se cargan datos adicionales.
2025-12-11 10:55:16 [info] 🎉 /userinfo completado en 1907 ms
2025-12-11 11:02:06 [info] 📥 Nueva solicitud a /userinfo
2025-12-11 11:02:06 [info] 🔍 Ejecutando getOfferInfo()...
2025-12-11 11:02:06 [info] 📡 Iniciando getOfferInfo() para ANI: 3217463422
2025-12-11 11:02:06 [info] 🔍 Consultando impacto: 1
2025-12-11 11:02:07 [info] ✔️ Impacto 1 respondió en 732 ms
2025-12-11 11:02:07 [info] 🔍 Consultando impacto: 2
2025-12-11 11:02:07 [info] ✔️ Impacto 2 respondió en 209 ms
2025-12-11 11:02:07 [info] ✅ Impacto 2 encontrado, texto detectado
2025-12-11 11:02:07 [info] ⏳ Consultando opción, validation y cases en paralelo...
2025-12-11 11:02:07 [info] ✔️ Consultas paralelas completadas en 533 ms
2025-12-11 11:02:07 [info] 🏁 Finalizando getOfferInfo(). Impacto encontrado: 2
2025-12-11 11:02:07 [info] option recibido: "Ofrece Matriz de Retención"
2025-12-11 11:02:07 [info] 🔧 option contiene 'Matriz'. Ejecutando módulos adicionales:
2025-12-11 11:02:07 [info] 📡 Iniciando consulta getFullEquipoData() a Power BI
2025-12-11 11:02:08 [info] ✔️ Power BI respondió en 226 ms
2025-12-11 11:02:08 [info] ✔️ Data formateada correctamente en getFullEquipoData
2025-12-11 11:02:08 [info] ✔️ getFullEquipoData() completado en 235 ms
2025-12-11 11:02:08 [info] 📡 Iniciando getOfferMatrixData() plan="Pospago 5.0 D (773|7731)" value="79900"
2025-12-11 11:02:08 [info] ⏳ Consultando matriz y planDetails en paralelo...
2025-12-11 11:02:08 [info] ✔️ Consultas paralelas completadas en 299 ms
2025-12-11 11:02:08 [info] ⚙️ Aplicando regla: plan contiene '_V2'
2025-12-11 11:02:08 [info] 🏁 Finalizando getOfferMatrixData() correctamente
2025-12-11 11:02:08 [info] ✔️ getOfferMatrixData() completado en 304 ms
2025-12-11 11:02:08 [info] 🎉 /userinfo completado en 2026 ms
2025-12-12 10:28:35 [info] 📥 Nueva solicitud a /userinfo
2025-12-12 10:28:35 [info] 🔍 Ejecutando getOfferInfo()...
2025-12-12 10:28:35 [info] 📡 Iniciando getOfferInfo() para ANI: 3217463422
2025-12-12 10:28:35 [info] 🔍 Consultando impacto: 1
2025-12-12 10:28:47 [info] ✔️ Impacto 1 respondió en 12241 ms
2025-12-12 10:28:47 [info] 🔍 Consultando impacto: 2
2025-12-12 10:29:07 [info] ✔️ Impacto 2 respondió en 19420 ms
2025-12-12 10:29:07 [info] ✅ Impacto 2 encontrado, texto detectado
2025-12-12 10:29:07 [info] ⏳ Consultando opción, validation y cases en paralelo...
2025-12-12 10:29:08 [info] ✔️ Consultas paralelas completadas en 747 ms
2025-12-12 10:29:08 [info] 🏁 Finalizando getOfferInfo(). Impacto encontrado: 2
2025-12-12 10:29:08 [info] option recibido: "Ofrece Matriz de Retención"
2025-12-12 10:29:08 [info] 🔧 option contiene 'Matriz'. Ejecutando módulos adicionales:
2025-12-12 10:29:08 [info] 📡 Iniciando consulta getFullEquipoData() a Power BI
2025-12-12 10:29:08 [info] ✔️ Power BI respondió en 282 ms
2025-12-12 10:29:08 [info] ✔️ Data formateada correctamente en getFullEquipoData
2025-12-12 10:29:08 [info] ✔️ getFullEquipoData() completado en 288 ms
2025-12-12 10:29:08 [info] 📡 Iniciando getOfferMatrixData() plan="Pospago 5.0 D (773|7731)" value="79900"
2025-12-12 10:29:08 [info] ⏳ Consultando matriz y planDetails en paralelo...
2025-12-12 10:29:08 [info] ✔️ Consultas paralelas completadas en 471 ms
2025-12-12 10:29:08 [info] ⚙️ Aplicando regla: plan contiene '_V2'
2025-12-12 10:29:08 [info] 🏁 Finalizando getOfferMatrixData() correctamente
2025-12-12 10:29:08 [info] ✔️ getOfferMatrixData() completado en 475 ms
2025-12-12 10:29:08 [info] 🎉 /userinfo completado en 33182 ms
2025-12-15 12:15:55 [info] 📥 Nueva solicitud a /userinfo
2025-12-15 12:15:55 [info] 🔍 Ejecutando getOfferInfo()...
2025-12-15 12:15:55 [info] 📡 Iniciando getOfferInfo() para ANI: 3217463422
2025-12-15 12:15:55 [info] 🔍 Consultando impacto: 1
2025-12-15 12:15:55 [error] TypeError: Invalid URL
    at new URL (node:internal/url:797:36)
    at dispatchHttpRequest (C:\Users\jcbotero\Documents\Emtelco-uniphore coflow\my-express-api\node_modules\axios\dist\node\axios.cjs:3108:20)
    at C:\Users\jcbotero\Documents\Emtelco-uniphore coflow\my-express-api\node_modules\axios\dist\node\axios.cjs:2949:5
    at new Promise (<anonymous>)
    at wrapAsync (C:\Users\jcbotero\Documents\Emtelco-uniphore coflow\my-express-api\node_modules\axios\dist\node\axios.cjs:2929:10)
    at http (C:\Users\jcbotero\Documents\Emtelco-uniphore coflow\my-express-api\node_modules\axios\dist\node\axios.cjs:3014:10)
    at Axios.dispatchRequest (C:\Users\jcbotero\Documents\Emtelco-uniphore coflow\my-express-api\node_modules\axios\dist\node\axios.cjs:4571:10)
    at Axios._request (C:\Users\jcbotero\Documents\Emtelco-uniphore coflow\my-express-api\node_modules\axios\dist\node\axios.cjs:4869:33)
    at Axios.request (C:\Users\jcbotero\Documents\Emtelco-uniphore coflow\my-express-api\node_modules\axios\dist\node\axios.cjs:4726:25)
    at Axios.httpMethod [as post] (C:\Users\jcbotero\Documents\Emtelco-uniphore coflow\my-express-api\node_modules\axios\dist\node\axios.cjs:4908:19)
    at Axios.request (C:\Users\jcbotero\Documents\Emtelco-uniphore coflow\my-express-api\node_modules\axios\dist\node\axios.cjs:4731:41)
    at process.processTicksAndRejections (node:internal/process/task_queues:95:5)
    at async getOfferInfo (C:\Users\jcbotero\Documents\Emtelco-uniphore coflow\my-express-api\src\services\getOffer.js:32:24)
    at async getUserInfo (C:\Users\jcbotero\Documents\Emtelco-uniphore coflow\my-express-api\src\controllers\index.js:20:21)
2025-12-15 12:15:55 [warn] ⚠️ option recibido no es válido
2025-12-15 12:15:55 [info] 🎉 /userinfo completado en 6 ms
2025-12-15 12:17:10 [info] 📥 Nueva solicitud a /userinfo
2025-12-15 12:17:10 [info] 🔍 Ejecutando getOfferInfo()...
2025-12-15 12:17:10 [info] 📡 Iniciando getOfferInfo() para ANI: 3217463422
2025-12-15 12:17:10 [info] 🔍 Consultando impacto: 1
2025-12-15 12:17:11 [info] ✔️ Impacto 1 respondió en 805 ms
2025-12-15 12:17:11 [info] 🔍 Consultando impacto: 2
2025-12-15 12:17:11 [info] ✔️ Impacto 2 respondió en 223 ms
2025-12-15 12:17:11 [info] ✅ Impacto 2 encontrado, texto detectado
2025-12-15 12:17:11 [info] ⏳ Consultando opción, validation y cases en paralelo...
2025-12-15 12:17:11 [info] ✔️ Consultas paralelas completadas en 534 ms
2025-12-15 12:17:11 [info] 🏁 Finalizando getOfferInfo(). Impacto encontrado: 2
2025-12-15 12:17:11 [info] option recibido: "Ofrece Matriz de Retenci¿n"
2025-12-15 12:17:11 [info] 🔧 option contiene 'Matriz'. Ejecutando módulos adicionales:
2025-12-15 12:17:11 [info] 📡 Iniciando consulta getFullEquipoData() a Power BI
2025-12-15 12:17:12 [info] ✔️ Power BI respondió en 212 ms
2025-12-15 12:17:12 [info] ✔️ Data formateada correctamente en getFullEquipoData
2025-12-15 12:17:12 [info] ✔️ getFullEquipoData() completado en 216 ms
2025-12-15 12:17:12 [info] 📡 Iniciando getOfferMatrixData() plan="Pospago 5.0 D (773|7731)" value="79900"
2025-12-15 12:17:12 [info] ⏳ Consultando matriz y planDetails en paralelo...
2025-12-15 12:17:12 [info] ✔️ Consultas paralelas completadas en 232 ms
2025-12-15 12:17:12 [info] ⚙️ Aplicando regla: plan contiene '_V2'
2025-12-15 12:17:12 [info] 🏁 Finalizando getOfferMatrixData() correctamente
2025-12-15 12:17:12 [info] ✔️ getOfferMatrixData() completado en 236 ms
2025-12-15 12:17:12 [info] 🎉 /userinfo completado en 2023 ms
2026-01-05 10:33:51 [info] 📥 Nueva solicitud a /userinfo
2026-01-05 10:33:51 [info] 🔍 Ejecutando getOfferInfo()...
2026-01-05 10:33:51 [info] 📡 Iniciando getOfferInfo() para ANI: 3142261464
2026-01-05 10:33:51 [info] 🔍 Consultando impacto: 1
2026-01-05 10:33:51 [info] ✔️ Impacto 1 respondió en 689 ms
2026-01-05 10:33:51 [info] 🔍 Consultando impacto: 2
2026-01-05 10:33:52 [info] ✔️ Impacto 2 respondió en 228 ms
2026-01-05 10:33:52 [info] ✅ Impacto 2 encontrado, texto detectado
2026-01-05 10:33:52 [info] ⏳ Consultando opción, validation y cases en paralelo...
2026-01-05 10:33:52 [info] ✔️ Consultas paralelas completadas en 605 ms
2026-01-05 10:33:52 [info] 🏁 Finalizando getOfferInfo(). Impacto encontrado: 2
2026-01-05 10:33:52 [info] option recibido: "Devuelve el 8,36% x 6 meses al cliente"
2026-01-05 10:33:52 [info] 🚫 No contiene 'Matriz'. No se cargan datos adicionales.
2026-01-05 10:33:52 [info] 🎉 /userinfo completado en 1527 ms
2026-01-08 09:47:31 [info] 📥 Nueva solicitud a /userinfo
2026-01-08 09:47:31 [info] 🔍 Ejecutando getOfferInfo()...
2026-01-08 09:47:31 [info] 📡 Iniciando getOfferInfo() para ANI: 3016302147
2026-01-08 09:47:31 [info] 🔍 Consultando impacto: 1
2026-01-08 09:47:32 [info] ✔️ Impacto 1 respondió en 734 ms
2026-01-08 09:47:32 [info] 🔍 Consultando impacto: 2
2026-01-08 09:47:32 [info] ✔️ Impacto 2 respondió en 298 ms
2026-01-08 09:47:32 [info] ✅ Impacto 2 encontrado, texto detectado
2026-01-08 09:47:32 [info] ⏳ Consultando opción, validation y cases en paralelo...
2026-01-08 09:47:33 [info] ✔️ Consultas paralelas completadas en 583 ms
2026-01-08 09:47:33 [info] 🏁 Finalizando getOfferInfo(). Impacto encontrado: 2
2026-01-08 09:47:33 [info] option recibido: "Devuelve el 10,03% x 6 meses al cliente"
2026-01-08 09:47:33 [info] 🚫 No contiene 'Matriz'. No se cargan datos adicionales.
2026-01-08 09:47:33 [info] 🎉 /userinfo completado en 1623 ms
2026-01-08 09:48:02 [info] 📥 Nueva solicitud a /userinfo
2026-01-08 09:48:02 [info] 🔍 Ejecutando getOfferInfo()...
2026-01-08 09:48:02 [info] 📡 Iniciando getOfferInfo() para ANI: 3217463422
2026-01-08 09:48:02 [info] 🔍 Consultando impacto: 1
2026-01-08 09:48:02 [info] ✔️ Impacto 1 respondió en 488 ms
2026-01-08 09:48:02 [info] 🔍 Consultando impacto: 2
2026-01-08 09:48:02 [info] ✔️ Impacto 2 respondió en 101 ms
2026-01-08 09:48:02 [info] ✅ Impacto 2 encontrado, texto detectado
2026-01-08 09:48:02 [info] ⏳ Consultando opción, validation y cases en paralelo...
2026-01-08 09:48:03 [info] ✔️ Consultas paralelas completadas en 398 ms
2026-01-08 09:48:03 [info] 🏁 Finalizando getOfferInfo(). Impacto encontrado: 2
2026-01-08 09:48:03 [info] option recibido: "Ofrece Matriz de Retenci¿n"
2026-01-08 09:48:03 [info] 🔧 option contiene 'Matriz'. Ejecutando módulos adicionales:
2026-01-08 09:48:03 [info] 📡 Iniciando consulta getFullEquipoData() a Power BI
2026-01-08 09:48:03 [info] ✔️ Power BI respondió en 102 ms
2026-01-08 09:48:03 [info] ✔️ Data formateada correctamente en getFullEquipoData
2026-01-08 09:48:03 [info] ✔️ getFullEquipoData() completado en 110 ms
2026-01-08 09:48:03 [info] 📡 Iniciando getOfferMatrixData() plan="Pospago 5.0 D (773|7731)" value="79900"
2026-01-08 09:48:03 [info] ⏳ Consultando matriz y planDetails en paralelo...
2026-01-08 09:48:03 [info] ✔️ Consultas paralelas completadas en 109 ms
2026-01-08 09:48:03 [info] ⚙️ Aplicando regla: plan contiene '_V2'
2026-01-08 09:48:03 [info] 🏁 Finalizando getOfferMatrixData() correctamente
2026-01-08 09:48:03 [info] ✔️ getOfferMatrixData() completado en 110 ms
2026-01-08 09:48:03 [info] 🎉 /userinfo completado en 1223 ms
2026-01-08 09:49:46 [info] 📥 Nueva solicitud a /userinfo
2026-01-08 09:49:46 [info] 🔍 Ejecutando getOfferInfo()...
2026-01-08 09:49:46 [info] 📡 Iniciando getOfferInfo() para ANI: 3217463422
2026-01-08 09:49:46 [info] 🔍 Consultando impacto: 1
2026-01-08 09:49:46 [info] ✔️ Impacto 1 respondió en 568 ms
2026-01-08 09:49:46 [info] 🔍 Consultando impacto: 2
2026-01-08 09:49:46 [info] ✔️ Impacto 2 respondió en 100 ms
2026-01-08 09:49:46 [info] ✅ Impacto 2 encontrado, texto detectado
2026-01-08 09:49:46 [info] ⏳ Consultando opción, validation y cases en paralelo...
2026-01-08 09:49:47 [info] ✔️ Consultas paralelas completadas en 401 ms
2026-01-08 09:49:47 [info] 🏁 Finalizando getOfferInfo(). Impacto encontrado: 2
2026-01-08 09:49:47 [info] option recibido: "Ofrece Matriz de Retenci¿n"
2026-01-08 09:49:47 [info] 🔧 option contiene 'Matriz'. Ejecutando módulos adicionales:
2026-01-08 09:49:47 [info] 📡 Iniciando consulta getFullEquipoData() a Power BI
2026-01-08 09:49:47 [info] ✔️ Power BI respondió en 101 ms
2026-01-08 09:49:47 [info] ✔️ Data formateada correctamente en getFullEquipoData
2026-01-08 09:49:47 [info] ✔️ getFullEquipoData() completado en 110 ms
2026-01-08 09:49:47 [info] 📡 Iniciando getOfferMatrixData() plan="Pospago 5.0 D (773|7731)" value="79900"
2026-01-08 09:49:47 [info] ⏳ Consultando matriz y planDetails en paralelo...
2026-01-08 09:49:47 [info] ✔️ Consultas paralelas completadas en 107 ms
2026-01-08 09:49:47 [info] ⚙️ Aplicando regla: plan contiene '_V2'
2026-01-08 09:49:47 [info] 🏁 Finalizando getOfferMatrixData() correctamente
2026-01-08 09:49:47 [info] ✔️ getOfferMatrixData() completado en 111 ms
2026-01-08 09:49:47 [info] 🎉 /userinfo completado en 1299 ms
2026-01-08 09:50:16 [info] 📥 Nueva solicitud a /userinfo
2026-01-08 09:50:16 [info] 🔍 Ejecutando getOfferInfo()...
2026-01-08 09:50:16 [info] 📡 Iniciando getOfferInfo() para ANI: 3217463422
2026-01-08 09:50:16 [info] 🔍 Consultando impacto: 1
2026-01-08 09:50:17 [info] ✔️ Impacto 1 respondió en 572 ms
2026-01-08 09:50:17 [info] 🔍 Consultando impacto: 2
2026-01-08 09:50:17 [info] ✔️ Impacto 2 respondió en 101 ms
2026-01-08 09:50:17 [info] ✅ Impacto 2 encontrado, texto detectado
2026-01-08 09:50:17 [info] ⏳ Consultando opción, validation y cases en paralelo...
2026-01-08 09:50:18 [info] ✔️ Consultas paralelas completadas en 394 ms
2026-01-08 09:50:18 [info] 🏁 Finalizando getOfferInfo(). Impacto encontrado: 2
2026-01-08 09:50:18 [info] option recibido: "Ofrece Matriz de Retenci¿n"
2026-01-08 09:50:18 [info] 🔧 option contiene 'Matriz'. Ejecutando módulos adicionales:
2026-01-08 09:50:18 [info] 📡 Iniciando consulta getFullEquipoData() a Power BI
2026-01-08 09:50:18 [info] ✔️ Power BI respondió en 98 ms
2026-01-08 09:50:18 [info] ✔️ Data formateada correctamente en getFullEquipoData
2026-01-08 09:50:18 [info] ✔️ getFullEquipoData() completado en 101 ms
2026-01-08 09:50:18 [info] 📡 Iniciando getOfferMatrixData() plan="Pospago 5.0 D (773|7731)" value="79900"
2026-01-08 09:50:18 [info] ⏳ Consultando matriz y planDetails en paralelo...
2026-01-08 09:50:18 [info] ✔️ Consultas paralelas completadas en 98 ms
2026-01-08 09:50:18 [info] ⚙️ Aplicando regla: plan contiene '_V2'
2026-01-08 09:50:18 [info] 🏁 Finalizando getOfferMatrixData() correctamente
2026-01-08 09:50:18 [info] ✔️ getOfferMatrixData() completado en 99 ms
2026-01-08 09:50:18 [info] 🎉 /userinfo completado en 1276 ms
2026-01-08 09:50:34 [info] 📥 Nueva solicitud a /userinfo
2026-01-08 09:50:34 [info] 🔍 Ejecutando getOfferInfo()...
2026-01-08 09:50:34 [info] 📡 Iniciando getOfferInfo() para ANI: 3217463422
2026-01-08 09:50:34 [info] 🔍 Consultando impacto: 1
2026-01-08 09:50:35 [info] ✔️ Impacto 1 respondió en 567 ms
2026-01-08 09:50:35 [info] 🔍 Consultando impacto: 2
2026-01-08 09:50:35 [info] ✔️ Impacto 2 respondió en 98 ms
2026-01-08 09:50:35 [info] ✅ Impacto 2 encontrado, texto detectado
2026-01-08 09:50:35 [info] ⏳ Consultando opción, validation y cases en paralelo...
2026-01-08 09:50:35 [info] ✔️ Consultas paralelas completadas en 404 ms
2026-01-08 09:50:35 [info] 🏁 Finalizando getOfferInfo(). Impacto encontrado: 2
2026-01-08 09:50:35 [info] option recibido: "Ofrece Matriz de Retenci¿n"
2026-01-08 09:50:35 [info] 🔧 option contiene 'Matriz'. Ejecutando módulos adicionales:
2026-01-08 09:50:35 [info] 📡 Iniciando consulta getFullEquipoData() a Power BI
2026-01-08 09:50:35 [info] ✔️ Power BI respondió en 118 ms
2026-01-08 09:50:35 [info] ✔️ Data formateada correctamente en getFullEquipoData
2026-01-08 09:50:35 [info] ✔️ getFullEquipoData() completado en 126 ms
2026-01-08 09:50:35 [info] 📡 Iniciando getOfferMatrixData() plan="Pospago 5.0 D (773|7731)" value="79900"
2026-01-08 09:50:35 [info] ⏳ Consultando matriz y planDetails en paralelo...
2026-01-08 09:50:36 [info] ✔️ Consultas paralelas completadas en 106 ms
2026-01-08 09:50:36 [info] ⚙️ Aplicando regla: plan contiene '_V2'
2026-01-08 09:50:36 [info] 🏁 Finalizando getOfferMatrixData() correctamente
2026-01-08 09:50:36 [info] ✔️ getOfferMatrixData() completado en 111 ms
2026-01-08 09:50:36 [info] 🎉 /userinfo completado en 1314 ms
2026-01-08 09:51:00 [info] 📥 Nueva solicitud a /userinfo
2026-01-08 09:51:00 [info] 🔍 Ejecutando getOfferInfo()...
2026-01-08 09:51:00 [info] 📡 Iniciando getOfferInfo() para ANI: 3217463422
2026-01-08 09:51:00 [info] 🔍 Consultando impacto: 1
2026-01-08 09:51:00 [info] ✔️ Impacto 1 respondió en 546 ms
2026-01-08 09:51:00 [info] 🔍 Consultando impacto: 2
2026-01-08 09:51:00 [info] ✔️ Impacto 2 respondió en 101 ms
2026-01-08 09:51:00 [info] ✅ Impacto 2 encontrado, texto detectado
2026-01-08 09:51:00 [info] ⏳ Consultando opción, validation y cases en paralelo...
2026-01-08 09:51:01 [info] ✔️ Consultas paralelas completadas en 399 ms
2026-01-08 09:51:01 [info] 🏁 Finalizando getOfferInfo(). Impacto encontrado: 2
2026-01-08 09:51:01 [info] option recibido: "Ofrece Matriz de Retenci¿n"
2026-01-08 09:51:01 [info] 🔧 option contiene 'Matriz'. Ejecutando módulos adicionales:
2026-01-08 09:51:01 [info] 📡 Iniciando consulta getFullEquipoData() a Power BI
2026-01-08 09:51:01 [info] ✔️ Power BI respondió en 108 ms
2026-01-08 09:51:01 [info] ✔️ Data formateada correctamente en getFullEquipoData
2026-01-08 09:51:01 [info] ✔️ getFullEquipoData() completado en 111 ms
2026-01-08 09:51:01 [info] 📡 Iniciando getOfferMatrixData() plan="Pospago 5.0 D (773|7731)" value="79900"
2026-01-08 09:51:01 [info] ⏳ Consultando matriz y planDetails en paralelo...
2026-01-08 09:51:01 [info] ✔️ Consultas paralelas completadas en 104 ms
2026-01-08 09:51:01 [info] ⚙️ Aplicando regla: plan contiene '_V2'
2026-01-08 09:51:01 [info] 🏁 Finalizando getOfferMatrixData() correctamente
2026-01-08 09:51:01 [info] ✔️ getOfferMatrixData() completado en 106 ms
2026-01-08 09:51:01 [info] 🎉 /userinfo completado en 1270 ms
2026-01-08 09:54:46 [info] 📥 Nueva solicitud a /userinfo
2026-01-08 09:54:46 [info] 🔍 Ejecutando getOfferInfo()...
2026-01-08 09:54:46 [info] 📡 Iniciando getOfferInfo() para ANI: 3217463422
2026-01-08 09:54:46 [info] 🔍 Consultando impacto: 1
2026-01-08 09:54:47 [info] ✔️ Impacto 1 respondió en 545 ms
2026-01-08 09:54:47 [info] 🔍 Consultando impacto: 2
2026-01-08 09:54:47 [info] ✔️ Impacto 2 respondió en 102 ms
2026-01-08 09:54:47 [info] ✅ Impacto 2 encontrado, texto detectado
2026-01-08 09:54:47 [info] ⏳ Consultando opción, validation y cases en paralelo...
2026-01-08 09:54:47 [info] ✔️ Consultas paralelas completadas en 388 ms
2026-01-08 09:54:47 [info] 🏁 Finalizando getOfferInfo(). Impacto encontrado: 2
2026-01-08 09:54:47 [info] option recibido: "Ofrece Matriz de Retenci¿n"
2026-01-08 09:54:47 [info] 🔧 option contiene 'Matriz'. Ejecutando módulos adicionales:
2026-01-08 09:54:47 [info] 📡 Iniciando consulta getFullEquipoData() a Power BI
2026-01-08 09:54:47 [info] ✔️ Power BI respondió en 97 ms
2026-01-08 09:54:47 [info] ✔️ Data formateada correctamente en getFullEquipoData
2026-01-08 09:54:47 [info] ✔️ getFullEquipoData() completado en 100 ms
2026-01-08 09:54:47 [info] 📡 Iniciando getOfferMatrixData() plan="Pospago 5.0 D (773|7731)" value="79900"
2026-01-08 09:54:47 [info] ⏳ Consultando matriz y planDetails en paralelo...
2026-01-08 09:54:47 [info] ✔️ Consultas paralelas completadas en 101 ms
2026-01-08 09:54:47 [info] ⚙️ Aplicando regla: plan contiene '_V2'
2026-01-08 09:54:47 [info] 🏁 Finalizando getOfferMatrixData() correctamente
2026-01-08 09:54:47 [info] ✔️ getOfferMatrixData() completado en 103 ms
2026-01-08 09:54:47 [info] 🎉 /userinfo completado en 1248 ms
2026-01-08 09:55:27 [info] 📥 Nueva solicitud a /userinfo
2026-01-08 09:55:27 [info] 🔍 Ejecutando getOfferInfo()...
2026-01-08 09:55:27 [info] 📡 Iniciando getOfferInfo() para ANI: 3217463422
2026-01-08 09:55:27 [info] 🔍 Consultando impacto: 1
2026-01-08 09:55:27 [info] ✔️ Impacto 1 respondió en 549 ms
2026-01-08 09:55:27 [info] 🔍 Consultando impacto: 2
2026-01-08 09:55:28 [info] ✔️ Impacto 2 respondió en 102 ms
2026-01-08 09:55:28 [info] ✅ Impacto 2 encontrado, texto detectado
2026-01-08 09:55:28 [info] ⏳ Consultando opción, validation y cases en paralelo...
2026-01-08 09:55:28 [info] ✔️ Consultas paralelas completadas en 435 ms
2026-01-08 09:55:28 [info] 🏁 Finalizando getOfferInfo(). Impacto encontrado: 2
2026-01-08 09:55:28 [info] option recibido: "Ofrece Matriz de Retenci¿n"
2026-01-08 09:55:28 [info] 🔧 option contiene 'Matriz'. Ejecutando módulos adicionales:
2026-01-08 09:55:28 [info] 📡 Iniciando consulta getFullEquipoData() a Power BI
2026-01-08 09:55:28 [info] ✔️ Power BI respondió en 100 ms
2026-01-08 09:55:28 [info] ✔️ Data formateada correctamente en getFullEquipoData
2026-01-08 09:55:28 [info] ✔️ getFullEquipoData() completado en 105 ms
2026-01-08 09:55:28 [info] 📡 Iniciando getOfferMatrixData() plan="Pospago 5.0 D (773|7731)" value="79900"
2026-01-08 09:55:28 [info] ⏳ Consultando matriz y planDetails en paralelo...
2026-01-08 09:55:28 [info] ✔️ Consultas paralelas completadas en 102 ms
2026-01-08 09:55:28 [info] ⚙️ Aplicando regla: plan contiene '_V2'
2026-01-08 09:55:28 [info] 🏁 Finalizando getOfferMatrixData() correctamente
2026-01-08 09:55:28 [info] ✔️ getOfferMatrixData() completado en 105 ms
2026-01-08 09:55:28 [info] 🎉 /userinfo completado en 1307 ms
2026-01-08 09:57:53 [info] 📥 Nueva solicitud a /userinfo
2026-01-08 09:57:53 [info] 🔍 Ejecutando getOfferInfo()...
2026-01-08 09:57:53 [info] 📡 Iniciando getOfferInfo() para ANI: 3217463422
2026-01-08 09:57:53 [info] 🔍 Consultando impacto: 1
2026-01-08 09:57:54 [info] ✔️ Impacto 1 respondió en 614 ms
2026-01-08 09:57:54 [info] 🔍 Consultando impacto: 2
2026-01-08 09:57:54 [info] ✔️ Impacto 2 respondió en 101 ms
2026-01-08 09:57:54 [info] ✅ Impacto 2 encontrado, texto detectado
2026-01-08 09:57:54 [info] ⏳ Consultando opción, validation y cases en paralelo...
2026-01-08 09:57:54 [info] ✔️ Consultas paralelas completadas en 404 ms
2026-01-08 09:57:54 [info] 🏁 Finalizando getOfferInfo(). Impacto encontrado: 2
2026-01-08 09:57:54 [info] option recibido: "Ofrece Matriz de Retenci¿n"
2026-01-08 09:57:54 [info] 🔧 option contiene 'Matriz'. Ejecutando módulos adicionales:
2026-01-08 09:57:54 [info] 📡 Iniciando consulta getFullEquipoData() a Power BI
2026-01-08 09:57:54 [info] ✔️ Power BI respondió en 102 ms
2026-01-08 09:57:54 [info] ✔️ Data formateada correctamente en getFullEquipoData
2026-01-08 09:57:54 [info] ✔️ getFullEquipoData() completado en 108 ms
2026-01-08 09:57:54 [info] 📡 Iniciando getOfferMatrixData() plan="Pospago 5.0 D (773|7731)" value="79900"
2026-01-08 09:57:54 [info] ⏳ Consultando matriz y planDetails en paralelo...
2026-01-08 09:57:54 [info] ✔️ Consultas paralelas completadas en 101 ms
2026-01-08 09:57:54 [info] ⚙️ Aplicando regla: plan contiene '_V2'
2026-01-08 09:57:54 [info] 🏁 Finalizando getOfferMatrixData() correctamente
2026-01-08 09:57:54 [info] ✔️ getOfferMatrixData() completado en 103 ms
2026-01-08 09:57:54 [info] 🎉 /userinfo completado en 1340 ms
2026-01-08 10:44:50 [info] 📥 Nueva solicitud a /userinfo
2026-01-08 10:44:50 [info] 🔍 Ejecutando getOfferInfo()...
2026-01-08 10:44:50 [info] 📡 Iniciando getOfferInfo() para ANI: 3217463422
2026-01-08 10:44:50 [info] 🔍 Consultando impacto: 1
2026-01-08 10:44:50 [info] ✔️ Impacto 1 respondió en 686 ms
2026-01-08 10:44:50 [info] 🔍 Consultando impacto: 2
2026-01-08 10:44:51 [info] ✔️ Impacto 2 respondió en 261 ms
2026-01-08 10:44:51 [info] ✅ Impacto 2 encontrado, texto detectado
2026-01-08 10:44:51 [info] ⏳ Consultando opción, validation y cases en paralelo...
2026-01-08 10:44:51 [info] ✔️ Consultas paralelas completadas en 535 ms
2026-01-08 10:44:51 [info] 🏁 Finalizando getOfferInfo(). Impacto encontrado: 2
2026-01-08 10:44:51 [info] option recibido: "Ofrece Matriz de Retenci¿n"
2026-01-08 10:44:51 [info] ⚙️ Cargando datos adicionales porque contiene 'Matriz'
2026-01-08 10:44:51 [info] 📡 Iniciando consulta getFullEquipoData() a Power BI
2026-01-08 10:44:51 [info] ✔️ Power BI respondió en 310 ms
2026-01-08 10:44:51 [info] ✔️ Data formateada correctamente en getFullEquipoData
2026-01-08 10:44:51 [info] ✔️ getFullEquipoData() OK en 318 ms
2026-01-08 10:44:51 [info] 📡 Iniciando getOfferMatrixData() plan="Pospago 5.0 D (773|7731)" value="79900"
2026-01-08 10:44:51 [info] ⏳ Consultando matriz y planDetails en paralelo...
2026-01-08 10:44:52 [info] ✔️ Consultas paralelas completadas en 250 ms
2026-01-08 10:44:52 [info] ⚙️ Aplicando regla: plan contiene '_V2'
2026-01-08 10:44:52 [info] 🏁 Finalizando getOfferMatrixData() correctamente
2026-01-08 10:44:52 [info] ✔️ getOfferMatrixData() OK en 253 ms
2026-01-08 10:44:52 [info] 🎯 /userinfo completado en 2063 ms
2026-01-08 10:49:27 [info] 📥 Nueva solicitud a /userinfo
2026-01-08 10:49:27 [info] 🔍 Ejecutando getOfferInfo()...
2026-01-08 10:49:27 [info] 📡 Iniciando getOfferInfo() para ANI: 32174adsa63422
2026-01-08 10:49:27 [info] 🔍 Consultando impacto: 1
2026-01-08 10:49:27 [info] ✔️ Impacto 1 respondió en 789 ms
2026-01-08 10:49:27 [info] 🔍 Consultando impacto: 2
2026-01-08 10:49:28 [info] ✔️ Impacto 2 respondió en 240 ms
2026-01-08 10:49:28 [info] 🔍 Consultando impacto: 3
2026-01-08 10:49:28 [info] ✔️ Impacto 3 respondió en 223 ms
2026-01-08 10:49:28 [info] 🔍 Consultando impacto: 4
2026-01-08 10:49:28 [info] ✔️ Impacto 4 respondió en 269 ms
2026-01-08 10:49:28 [info] 🏁 Finalizando getOfferInfo(). Impacto encontrado: Ninguno
2026-01-08 10:49:28 [warn] ⚠️ option recibido no es string. No se cargan módulos extra.
2026-01-08 10:49:28 [info] 🎯 /userinfo completado en 1528 ms
2026-01-08 10:49:40 [info] 📥 Nueva solicitud a /userinfo
2026-01-08 10:49:40 [info] 🔍 Ejecutando getOfferInfo()...
2026-01-08 10:49:40 [info] 📡 Iniciando getOfferInfo() para ANI: 321741231263422
2026-01-08 10:49:40 [info] 🔍 Consultando impacto: 1
2026-01-08 10:49:40 [info] ✔️ Impacto 1 respondió en 595 ms
2026-01-08 10:49:40 [info] 🔍 Consultando impacto: 2
2026-01-08 10:49:41 [info] ✔️ Impacto 2 respondió en 261 ms
2026-01-08 10:49:41 [info] 🔍 Consultando impacto: 3
2026-01-08 10:49:41 [info] ✔️ Impacto 3 respondió en 297 ms
2026-01-08 10:49:41 [info] 🔍 Consultando impacto: 4
2026-01-08 10:49:41 [info] ✔️ Impacto 4 respondió en 280 ms
2026-01-08 10:49:41 [info] 🏁 Finalizando getOfferInfo(). Impacto encontrado: Ninguno
2026-01-08 10:49:41 [warn] ⚠️ option recibido no es string. No se cargan módulos extra.
2026-01-08 10:49:41 [info] 🎯 /userinfo completado en 1439 ms
2026-01-08 10:54:10 [info] 📥 Nueva solicitud a /userinfo
2026-01-08 10:54:10 [info] 🔍 Ejecutando getOfferInfo()...
2026-01-08 10:54:10 [info] 📡 Iniciando getOfferInfo() para ANI: 321741231263422
2026-01-08 10:54:10 [info] 🔍 Consultando impacto: 1
2026-01-08 10:54:11 [info] ✔️ Impacto 1 respondió en 537 ms
2026-01-08 10:54:11 [info] 🔍 Consultando impacto: 2
2026-01-08 10:54:11 [info] ✔️ Impacto 2 respondió en 104 ms
2026-01-08 10:54:11 [info] 🔍 Consultando impacto: 3
2026-01-08 10:54:11 [info] ✔️ Impacto 3 respondió en 103 ms
2026-01-08 10:54:11 [info] 🔍 Consultando impacto: 4
2026-01-08 10:54:11 [info] ✔️ Impacto 4 respondió en 100 ms
2026-01-08 10:54:11 [info] 🏁 Finalizando getOfferInfo(). Impacto encontrado: Ninguno
2026-01-08 10:54:11 [warn] ⚠️ Offer Alert indica que no se encontró información
2026-01-08 10:54:25 [info] 📥 Nueva solicitud a /userinfo
2026-01-08 10:54:25 [info] 🔍 Ejecutando getOfferInfo()...
2026-01-08 10:54:25 [info] 📡 Iniciando getOfferInfo() para ANI: 3016302147
2026-01-08 10:54:25 [info] 🔍 Consultando impacto: 1
2026-01-08 10:54:26 [info] ✔️ Impacto 1 respondió en 771 ms
2026-01-08 10:54:26 [info] 🔍 Consultando impacto: 2
2026-01-08 10:54:26 [info] ✔️ Impacto 2 respondió en 303 ms
2026-01-08 10:54:26 [info] ✅ Impacto 2 encontrado, texto detectado
2026-01-08 10:54:26 [info] ⏳ Consultando opción, validation y cases en paralelo...
2026-01-08 10:54:27 [info] ✔️ Consultas paralelas completadas en 744 ms
2026-01-08 10:54:27 [info] 🏁 Finalizando getOfferInfo(). Impacto encontrado: 2
2026-01-08 10:54:27 [info] option recibido: "Devuelve el 10,03% x 6 meses al cliente"
2026-01-08 10:54:27 [info] ⏭️ No contiene 'Matriz'. Saltando módulos extra.
2026-01-08 10:54:27 [info] 🎯 /userinfo completado en 1825 ms
2026-01-20 15:33:51 [info] 📥 Nueva solicitud a /userinfo
2026-01-20 15:33:51 [info] 🔍 Ejecutando getOfferInfo()...
2026-01-20 15:33:51 [info] 📡 Iniciando getOfferInfo() para ANI: 3217463422
2026-01-20 15:33:51 [info] 🔍 Consultando impacto: 1
2026-01-20 15:33:52 [info] ✔️ Impacto 1 respondió en 592 ms
2026-01-20 15:33:52 [info] 🔍 Consultando impacto: 2
2026-01-20 15:33:52 [info] ✔️ Impacto 2 respondió en 101 ms
2026-01-20 15:33:52 [info] ✅ Impacto 2 encontrado, texto detectado
2026-01-20 15:33:52 [info] ⏳ Consultando opción, validation y cases en paralelo...
2026-01-20 15:33:52 [info] ✔️ Consultas paralelas completadas en 393 ms
2026-01-20 15:33:52 [info] 🏁 Finalizando getOfferInfo(). Impacto encontrado: 2
2026-01-20 15:33:52 [info] option recibido: "Ofrece Matriz de Retenci¿n"
2026-01-20 15:33:52 [info] ⚙️ Cargando datos adicionales porque contiene 'Matriz'
2026-01-20 15:33:52 [info] 📡 Iniciando consulta getFullEquipoData() a Power BI
2026-01-20 15:33:53 [info] ✔️ Power BI respondió en 99 ms
2026-01-20 15:33:53 [info] ✔️ Data formateada correctamente en getFullEquipoData
2026-01-20 15:33:53 [info] ✔️ getFullEquipoData() OK en 103 ms
2026-01-20 15:33:53 [info] ✔️ getOfferMatrixData() OK en 0 ms
2026-01-20 15:33:53 [info] 🎯 /userinfo completado en 1196 ms
2026-01-20 15:34:32 [info] 📥 Nueva solicitud a /userinfo
2026-01-20 15:34:32 [info] 🔍 Ejecutando getOfferInfo()...
2026-01-20 15:34:32 [info] 📡 Iniciando getOfferInfo() para ANI: 3217463422
2026-01-20 15:34:32 [info] 🔍 Consultando impacto: 1
2026-01-20 15:34:32 [info] ✔️ Impacto 1 respondió en 559 ms
2026-01-20 15:34:32 [info] 🔍 Consultando impacto: 2
2026-01-20 15:34:32 [info] ✔️ Impacto 2 respondió en 99 ms
2026-01-20 15:34:32 [info] ✅ Impacto 2 encontrado, texto detectado
2026-01-20 15:34:32 [info] ⏳ Consultando opción, validation y cases en paralelo...
2026-01-20 15:34:33 [info] ✔️ Consultas paralelas completadas en 402 ms
2026-01-20 15:34:33 [info] 🏁 Finalizando getOfferInfo(). Impacto encontrado: 2
2026-01-20 15:34:33 [info] option recibido: "Ofrece Matriz de Retenci¿n"
2026-01-20 15:34:33 [info] ⚙️ Cargando datos adicionales porque contiene 'Matriz'
2026-01-20 15:34:33 [info] 📡 Iniciando consulta getFullEquipoData() a Power BI
2026-01-20 15:34:33 [info] ✔️ Power BI respondió en 100 ms
2026-01-20 15:34:33 [info] ✔️ Data formateada correctamente en getFullEquipoData
2026-01-20 15:34:33 [info] ✔️ getFullEquipoData() OK en 104 ms
2026-01-20 15:34:33 [info] ✔️ getOfferMatrixData() OK en 1 ms
2026-01-20 15:34:33 [info] 🎯 /userinfo completado en 1173 ms
2026-01-20 15:36:35 [info] 📥 Nueva solicitud a /userinfo
2026-01-20 15:36:35 [info] 🔍 Ejecutando getOfferInfo()...
2026-01-20 15:36:35 [info] 📡 Iniciando getOfferInfo() para ANI: 3217463422
2026-01-20 15:36:35 [info] 🔍 Consultando impacto: 1
2026-01-20 15:36:35 [info] ✔️ Impacto 1 respondió en 608 ms
2026-01-20 15:36:35 [info] 🔍 Consultando impacto: 2
2026-01-20 15:36:35 [info] ✔️ Impacto 2 respondió en 100 ms
2026-01-20 15:36:35 [info] ✅ Impacto 2 encontrado, texto detectado
2026-01-20 15:36:35 [info] ⏳ Consultando opción, validation y cases en paralelo...
2026-01-20 15:36:36 [info] ✔️ Consultas paralelas completadas en 403 ms
2026-01-20 15:36:36 [info] 🏁 Finalizando getOfferInfo(). Impacto encontrado: 2
2026-01-20 15:36:36 [info] option recibido: "Ofrece Matriz de Retenci¿n"
2026-01-20 15:36:36 [info] ⚙️ Cargando datos adicionales porque contiene 'Matriz'
2026-01-20 15:36:36 [info] 📡 Iniciando consulta getFullEquipoData() a Power BI
2026-01-20 15:36:36 [info] ✔️ Power BI respondió en 101 ms
2026-01-20 15:36:36 [info] ✔️ Data formateada correctamente en getFullEquipoData
2026-01-20 15:36:36 [info] ✔️ getFullEquipoData() OK en 109 ms
2026-01-20 15:36:36 [info] ✔️ getOfferMatrixData() OK en 0 ms
2026-01-20 15:36:36 [info] 🎯 /userinfo completado en 1230 ms
2026-01-20 15:37:11 [info] 📥 Nueva solicitud a /userinfo
2026-01-20 15:37:11 [info] 🔍 Ejecutando getOfferInfo()...
2026-01-20 15:37:11 [info] 📡 Iniciando getOfferInfo() para ANI: 3217463422
2026-01-20 15:37:11 [info] 🔍 Consultando impacto: 1
2026-01-20 15:37:11 [info] ✔️ Impacto 1 respondió en 474 ms
2026-01-20 15:37:11 [info] 🔍 Consultando impacto: 2
2026-01-20 15:37:12 [info] ✔️ Impacto 2 respondió en 99 ms
2026-01-20 15:37:12 [info] ✅ Impacto 2 encontrado, texto detectado
2026-01-20 15:37:12 [info] ⏳ Consultando opción, validation y cases en paralelo...
2026-01-20 15:37:12 [info] ✔️ Consultas paralelas completadas en 397 ms
2026-01-20 15:37:12 [info] 🏁 Finalizando getOfferInfo(). Impacto encontrado: 2
2026-01-20 15:37:12 [info] option recibido: "Ofrece Matriz de Retenci¿n"
2026-01-20 15:37:12 [info] ⚙️ Cargando datos adicionales porque contiene 'Matriz'
2026-01-20 15:37:12 [info] 📡 Iniciando consulta getFullEquipoData() a Power BI
2026-01-20 15:37:12 [info] ✔️ Power BI respondió en 98 ms
2026-01-20 15:37:12 [info] ✔️ Data formateada correctamente en getFullEquipoData
2026-01-20 15:37:12 [info] ✔️ getFullEquipoData() OK en 100 ms
2026-01-20 15:37:12 [info] ✔️ getOfferMatrixData() OK en 0 ms
2026-01-20 15:37:12 [info] 🎯 /userinfo completado en 1076 ms
2026-01-20 15:37:28 [info] 📥 Nueva solicitud a /userinfo
2026-01-20 15:37:28 [info] 🔍 Ejecutando getOfferInfo()...
2026-01-20 15:37:28 [info] 📡 Iniciando getOfferInfo() para ANI: 3217463422
2026-01-20 15:37:28 [info] 🔍 Consultando impacto: 1
2026-01-20 15:37:28 [info] ✔️ Impacto 1 respondió en 579 ms
2026-01-20 15:37:28 [info] 🔍 Consultando impacto: 2
2026-01-20 15:37:28 [info] ✔️ Impacto 2 respondió en 104 ms
2026-01-20 15:37:28 [info] ✅ Impacto 2 encontrado, texto detectado
2026-01-20 15:37:28 [info] ⏳ Consultando opción, validation y cases en paralelo...
2026-01-20 15:37:29 [info] ✔️ Consultas paralelas completadas en 407 ms
2026-01-20 15:37:29 [info] 🏁 Finalizando getOfferInfo(). Impacto encontrado: 2
2026-01-20 15:37:29 [info] option recibido: "Ofrece Matriz de Retenci¿n"
2026-01-20 15:37:29 [info] ⚙️ Cargando datos adicionales porque contiene 'Matriz'
2026-01-20 15:37:29 [info] 📡 Iniciando consulta getFullEquipoData() a Power BI
2026-01-20 15:37:29 [info] ✔️ Power BI respondió en 109 ms
2026-01-20 15:37:29 [info] ✔️ Data formateada correctamente en getFullEquipoData
2026-01-20 15:37:29 [info] ✔️ getFullEquipoData() OK en 118 ms
2026-01-20 15:37:29 [info] ✔️ getOfferMatrixData() OK en 0 ms
2026-01-20 15:37:29 [info] 🎯 /userinfo completado en 1222 ms
2026-01-20 15:46:10 [info] 📥 Nueva solicitud a /userinfo
2026-01-20 15:46:10 [info] 🔍 Ejecutando getOfferInfo()...
2026-01-20 15:46:10 [info] 📡 Iniciando getOfferInfo() para ANI: 3217463422
2026-01-20 15:46:10 [info] 🔍 Consultando impacto: 1
2026-01-20 15:46:11 [info] ✔️ Impacto 1 respondió en 557 ms
2026-01-20 15:46:11 [info] 🔍 Consultando impacto: 2
2026-01-20 15:46:11 [info] ✔️ Impacto 2 respondió en 98 ms
2026-01-20 15:46:11 [info] ✅ Impacto 2 encontrado, texto detectado
2026-01-20 15:46:11 [info] ⏳ Consultando opción, validation y cases en paralelo...
2026-01-20 15:46:11 [info] ✔️ Consultas paralelas completadas en 399 ms
2026-01-20 15:46:11 [info] 🏁 Finalizando getOfferInfo(). Impacto encontrado: 2
2026-01-20 15:46:11 [info] option recibido: "Ofrece Matriz de Retenci¿n"
2026-01-20 15:46:11 [info] ⚙️ Cargando datos adicionales porque contiene 'Matriz'
2026-01-20 15:46:11 [info] 📡 Iniciando consulta getFullEquipoData() a Power BI
2026-01-20 15:46:12 [info] ✔️ Power BI respondió en 103 ms
2026-01-20 15:46:12 [info] ✔️ Data formateada correctamente en getFullEquipoData
2026-01-20 15:46:12 [info] ✔️ getFullEquipoData() OK en 109 ms
2026-01-20 15:46:12 [info] ✔️ getOfferMatrixData() OK en 1 ms
2026-01-20 15:46:12 [info] 🎯 /userinfo completado en 1172 ms
2026-01-20 15:46:39 [info] 📥 Nueva solicitud a /userinfo
2026-01-20 15:46:39 [info] 🔍 Ejecutando getOfferInfo()...
2026-01-20 15:46:39 [info] 📡 Iniciando getOfferInfo() para ANI: 3217463422
2026-01-20 15:46:39 [info] 🔍 Consultando impacto: 1
2026-01-20 15:46:39 [info] ✔️ Impacto 1 respondió en 557 ms
2026-01-20 15:46:39 [info] 🔍 Consultando impacto: 2
2026-01-20 15:46:39 [info] ✔️ Impacto 2 respondió en 97 ms
2026-01-20 15:46:39 [info] ✅ Impacto 2 encontrado, texto detectado
2026-01-20 15:46:39 [info] ⏳ Consultando opción, validation y cases en paralelo...
2026-01-20 15:46:40 [info] ✔️ Consultas paralelas completadas en 431 ms
2026-01-20 15:46:40 [info] 🏁 Finalizando getOfferInfo(). Impacto encontrado: 2
2026-01-20 15:46:40 [info] option recibido: "Ofrece Matriz de Retenci¿n"
2026-01-20 15:46:40 [info] ⚙️ Cargando datos adicionales porque contiene 'Matriz'
2026-01-20 15:46:40 [info] 📡 Iniciando consulta getFullEquipoData() a Power BI
2026-01-20 15:46:40 [info] ✔️ Power BI respondió en 98 ms
2026-01-20 15:46:40 [info] ✔️ Data formateada correctamente en getFullEquipoData
2026-01-20 15:46:40 [info] ✔️ getFullEquipoData() OK en 103 ms
2026-01-20 15:46:40 [info] ✔️ getOfferMatrixData() OK en 0 ms
2026-01-20 15:46:40 [info] 🎯 /userinfo completado en 1200 ms
2026-01-20 15:47:56 [info] 📥 Nueva solicitud a /userinfo
2026-01-20 15:47:56 [info] 🔍 Ejecutando getOfferInfo()...
2026-01-20 15:47:56 [info] 📡 Iniciando getOfferInfo() para ANI: 3217463422
2026-01-20 15:47:56 [info] 🔍 Consultando impacto: 1
2026-01-20 15:47:57 [info] ✔️ Impacto 1 respondió en 557 ms
2026-01-20 15:47:57 [info] 🔍 Consultando impacto: 2
2026-01-20 15:47:57 [info] ✔️ Impacto 2 respondió en 99 ms
2026-01-20 15:47:57 [info] ✅ Impacto 2 encontrado, texto detectado
2026-01-20 15:47:57 [info] ⏳ Consultando opción, validation y cases en paralelo...
2026-01-20 15:47:57 [info] ✔️ Consultas paralelas completadas en 398 ms
2026-01-20 15:47:57 [info] 🏁 Finalizando getOfferInfo(). Impacto encontrado: 2
2026-01-20 15:47:57 [info] option recibido: "Ofrece Matriz de Retenci¿n"
2026-01-20 15:47:57 [info] ⚙️ Cargando datos adicionales porque contiene 'Matriz'
2026-01-20 15:47:57 [info] 📡 Iniciando consulta getFullEquipoData() a Power BI
2026-01-20 15:47:57 [info] ✔️ Power BI respondió en 102 ms
2026-01-20 15:47:57 [info] ✔️ Data formateada correctamente en getFullEquipoData
2026-01-20 15:47:57 [info] ✔️ getFullEquipoData() OK en 106 ms
2026-01-20 15:47:57 [info] ✔️ getOfferMatrixData() OK en 0 ms
2026-01-20 15:47:57 [info] 🎯 /userinfo completado en 1168 ms
2026-01-20 15:48:20 [info] 📥 Nueva solicitud a /userinfo
2026-01-20 15:48:20 [info] 🔍 Ejecutando getOfferInfo()...
2026-01-20 15:48:20 [info] 📡 Iniciando getOfferInfo() para ANI: 3217463422
2026-01-20 15:48:20 [info] 🔍 Consultando impacto: 1
2026-01-20 15:48:21 [info] ✔️ Impacto 1 respondió en 585 ms
2026-01-20 15:48:21 [info] 🔍 Consultando impacto: 2
2026-01-20 15:48:21 [info] ✔️ Impacto 2 respondió en 106 ms
2026-01-20 15:48:21 [info] ✅ Impacto 2 encontrado, texto detectado
2026-01-20 15:48:21 [info] ⏳ Consultando opción, validation y cases en paralelo...
2026-01-20 15:48:21 [info] ✔️ Consultas paralelas completadas en 431 ms
2026-01-20 15:48:21 [info] 🏁 Finalizando getOfferInfo(). Impacto encontrado: 2
2026-01-20 15:48:21 [info] option recibido: "Ofrece Matriz de Retenci¿n"
2026-01-20 15:48:21 [info] ⚙️ Cargando datos adicionales porque contiene 'Matriz'
2026-01-20 15:48:21 [info] 📡 Iniciando consulta getFullEquipoData() a Power BI
2026-01-20 15:48:21 [info] ✔️ Power BI respondió en 197 ms
2026-01-20 15:48:21 [info] ✔️ Data formateada correctamente en getFullEquipoData
2026-01-20 15:48:21 [info] ✔️ getFullEquipoData() OK en 204 ms
2026-01-20 15:48:21 [info] ✔️ getOfferMatrixData() OK en 1 ms
2026-01-20 15:48:21 [info] 🎯 /userinfo completado en 1334 ms
2026-01-20 15:48:47 [info] 📥 Nueva solicitud a /userinfo
2026-01-20 15:48:47 [info] 🔍 Ejecutando getOfferInfo()...
2026-01-20 15:48:47 [info] 📡 Iniciando getOfferInfo() para ANI: 3217463422
2026-01-20 15:48:47 [info] 🔍 Consultando impacto: 1
2026-01-20 15:48:48 [info] ✔️ Impacto 1 respondió en 556 ms
2026-01-20 15:48:48 [info] 🔍 Consultando impacto: 2
2026-01-20 15:48:48 [info] ✔️ Impacto 2 respondió en 100 ms
2026-01-20 15:48:48 [info] ✅ Impacto 2 encontrado, texto detectado
2026-01-20 15:48:48 [info] ⏳ Consultando opción, validation y cases en paralelo...
2026-01-20 15:48:49 [info] ✔️ Consultas paralelas completadas en 414 ms
2026-01-20 15:48:49 [info] 🏁 Finalizando getOfferInfo(). Impacto encontrado: 2
2026-01-20 15:48:49 [info] option recibido: "Ofrece Matriz de Retenci¿n"
2026-01-20 15:48:49 [info] ⚙️ Cargando datos adicionales porque contiene 'Matriz'
2026-01-20 15:48:49 [info] 📡 Iniciando consulta getFullEquipoData() a Power BI
2026-01-20 15:48:49 [info] ✔️ Power BI respondió en 99 ms
2026-01-20 15:48:49 [info] ✔️ Data formateada correctamente en getFullEquipoData
2026-01-20 15:48:49 [info] ✔️ getFullEquipoData() OK en 105 ms
2026-01-20 15:48:49 [info] ✔️ getOfferMatrixData() OK en 1 ms
2026-01-20 15:48:49 [info] 🎯 /userinfo completado en 1184 ms
2026-01-20 15:49:35 [info] 📥 Nueva solicitud a /userinfo
2026-01-20 15:49:35 [info] 🔍 Ejecutando getOfferInfo()...
2026-01-20 15:49:35 [info] 📡 Iniciando getOfferInfo() para ANI: 3217463422
2026-01-20 15:49:35 [info] 🔍 Consultando impacto: 1
2026-01-20 15:49:36 [info] ✔️ Impacto 1 respondió en 547 ms
2026-01-20 15:49:36 [info] 🔍 Consultando impacto: 2
2026-01-20 15:49:36 [info] ✔️ Impacto 2 respondió en 100 ms
2026-01-20 15:49:36 [info] ✅ Impacto 2 encontrado, texto detectado
2026-01-20 15:49:36 [info] ⏳ Consultando opción, validation y cases en paralelo...
2026-01-20 15:49:36 [info] ✔️ Consultas paralelas completadas en 409 ms
2026-01-20 15:49:36 [info] 🏁 Finalizando getOfferInfo(). Impacto encontrado: 2
2026-01-20 15:49:36 [info] option recibido: "Ofrece Matriz de Retenci¿n"
2026-01-20 15:49:36 [info] ⚙️ Cargando datos adicionales porque contiene 'Matriz'
2026-01-20 15:49:36 [info] 📡 Iniciando consulta getFullEquipoData() a Power BI
2026-01-20 15:49:36 [info] ✔️ Power BI respondió en 103 ms
2026-01-20 15:49:36 [info] ✔️ Data formateada correctamente en getFullEquipoData
2026-01-20 15:49:36 [info] ✔️ getFullEquipoData() OK en 109 ms
2026-01-20 15:49:36 [info] ✔️ getOfferMatrixData() OK en 4 ms
2026-01-20 15:49:36 [info] 🎯 /userinfo completado en 1183 ms
2026-01-20 15:55:37 [info] 📥 Nueva solicitud a /userinfo
2026-01-20 15:55:37 [info] 🔍 Ejecutando getOfferInfo()...
2026-01-20 15:55:37 [info] 📡 Iniciando getOfferInfo() para ANI: 3217463422
2026-01-20 15:55:37 [info] 🔍 Consultando impacto: 1
2026-01-20 15:55:38 [info] ✔️ Impacto 1 respondió en 557 ms
2026-01-20 15:55:38 [info] 🔍 Consultando impacto: 2
2026-01-20 15:55:38 [info] ✔️ Impacto 2 respondió en 99 ms
2026-01-20 15:55:38 [info] ✅ Impacto 2 encontrado, texto detectado
2026-01-20 15:55:38 [info] ⏳ Consultando opción, validation y cases en paralelo...
2026-01-20 15:55:38 [info] ✔️ Consultas paralelas completadas en 395 ms
2026-01-20 15:55:38 [info] 🏁 Finalizando getOfferInfo(). Impacto encontrado: 2
2026-01-20 15:55:38 [info] option recibido: "Ofrece Matriz de Retenci¿n"
2026-01-20 15:55:38 [info] ⚙️ Cargando datos adicionales porque contiene 'Matriz'
2026-01-20 15:55:38 [info] 📡 Iniciando consulta getFullEquipoData() a Power BI
2026-01-20 15:55:38 [info] ✔️ Power BI respondió en 102 ms
2026-01-20 15:55:38 [info] ✔️ Data formateada correctamente en getFullEquipoData
2026-01-20 15:55:38 [info] ✔️ getFullEquipoData() OK en 109 ms
2026-01-20 15:55:38 [info] ✔️ getOfferMatrixData() OK en 1 ms
2026-01-20 15:55:38 [info] 🎯 /userinfo completado en 1169 ms
2026-01-20 15:56:27 [info] 📥 Nueva solicitud a /userinfo
2026-01-20 15:56:27 [info] 🔍 Ejecutando getOfferInfo()...
2026-01-20 15:56:27 [info] 📡 Iniciando getOfferInfo() para ANI: 3217463422
2026-01-20 15:56:27 [info] 🔍 Consultando impacto: 1
2026-01-20 15:56:28 [info] ✔️ Impacto 1 respondió en 607 ms
2026-01-20 15:56:28 [info] 🔍 Consultando impacto: 2
2026-01-20 15:56:28 [info] ✔️ Impacto 2 respondió en 101 ms
2026-01-20 15:56:28 [info] ✅ Impacto 2 encontrado, texto detectado
2026-01-20 15:56:28 [info] ⏳ Consultando opción, validation y cases en paralelo...
2026-01-20 15:56:28 [info] ✔️ Consultas paralelas completadas en 408 ms
2026-01-20 15:56:28 [info] 🏁 Finalizando getOfferInfo(). Impacto encontrado: 2
2026-01-20 15:56:28 [info] option recibido: "Ofrece Matriz de Retenci¿n"
2026-01-20 15:56:28 [info] ⚙️ Cargando datos adicionales porque contiene 'Matriz'
2026-01-20 15:56:28 [info] 📡 Iniciando consulta getFullEquipoData() a Power BI
2026-01-20 15:56:28 [info] ✔️ Power BI respondió en 101 ms
2026-01-20 15:56:28 [info] ✔️ Data formateada correctamente en getFullEquipoData
2026-01-20 15:56:29 [info] ✔️ getFullEquipoData() OK en 106 ms
2026-01-20 15:56:29 [info] ✔️ getOfferMatrixData() OK en 0 ms
2026-01-20 15:56:29 [info] 🎯 /userinfo completado en 1234 ms
2026-01-20 15:57:11 [info] 📥 Nueva solicitud a /userinfo
2026-01-20 15:57:11 [info] 🔍 Ejecutando getOfferInfo()...
2026-01-20 15:57:11 [info] 📡 Iniciando getOfferInfo() para ANI: 3217463422
2026-01-20 15:57:11 [info] 🔍 Consultando impacto: 1
2026-01-20 15:57:11 [info] ✔️ Impacto 1 respondió en 529 ms
2026-01-20 15:57:11 [info] 🔍 Consultando impacto: 2
2026-01-20 15:57:11 [info] ✔️ Impacto 2 respondió en 103 ms
2026-01-20 15:57:11 [info] ✅ Impacto 2 encontrado, texto detectado
2026-01-20 15:57:11 [info] ⏳ Consultando opción, validation y cases en paralelo...
2026-01-20 15:57:12 [info] ✔️ Consultas paralelas completadas en 396 ms
2026-01-20 15:57:12 [info] 🏁 Finalizando getOfferInfo(). Impacto encontrado: 2
2026-01-20 15:57:12 [info] option recibido: "Ofrece Matriz de Retenci¿n"
2026-01-20 15:57:12 [info] ⚙️ Cargando datos adicionales porque contiene 'Matriz'
2026-01-20 15:57:12 [info] 📡 Iniciando consulta getFullEquipoData() a Power BI
2026-01-20 15:57:12 [info] ✔️ Power BI respondió en 100 ms
2026-01-20 15:57:12 [info] ✔️ Data formateada correctamente en getFullEquipoData
2026-01-20 15:57:12 [info] ✔️ getFullEquipoData() OK en 105 ms
2026-01-20 15:57:12 [info] ✔️ getOfferMatrixData() OK en 1 ms
2026-01-20 15:57:12 [info] 🎯 /userinfo completado en 1140 ms
2026-01-20 15:57:57 [info] 📥 Nueva solicitud a /userinfo
2026-01-20 15:57:57 [info] 🔍 Ejecutando getOfferInfo()...
2026-01-20 15:57:57 [info] 📡 Iniciando getOfferInfo() para ANI: 3217463422
2026-01-20 15:57:57 [info] 🔍 Consultando impacto: 1
2026-01-20 15:57:58 [info] ✔️ Impacto 1 respondió en 564 ms
2026-01-20 15:57:58 [info] 🔍 Consultando impacto: 2
2026-01-20 15:57:58 [info] ✔️ Impacto 2 respondió en 99 ms
2026-01-20 15:57:58 [info] ✅ Impacto 2 encontrado, texto detectado
2026-01-20 15:57:58 [info] ⏳ Consultando opción, validation y cases en paralelo...
2026-01-20 15:57:58 [info] ✔️ Consultas paralelas completadas en 399 ms
2026-01-20 15:57:58 [info] 🏁 Finalizando getOfferInfo(). Impacto encontrado: 2
2026-01-20 15:57:58 [info] option recibido: "Ofrece Matriz de Retenci¿n"
2026-01-20 15:57:58 [info] ⚙️ Cargando datos adicionales porque contiene 'Matriz'
2026-01-20 15:57:58 [info] 📡 Iniciando consulta getFullEquipoData() a Power BI
2026-01-20 15:57:59 [info] ✔️ Power BI respondió en 102 ms
2026-01-20 15:57:59 [info] ✔️ Data formateada correctamente en getFullEquipoData
2026-01-20 15:57:59 [info] ✔️ getFullEquipoData() OK en 110 ms
2026-01-20 15:57:59 [info] ✔️ getOfferMatrixData() OK en 0 ms
2026-01-20 15:57:59 [info] 🎯 /userinfo completado en 1183 ms
2026-01-20 16:00:58 [info] 📥 Nueva solicitud a /userinfo
2026-01-20 16:00:58 [info] 🔍 Ejecutando getOfferInfo()...
2026-01-20 16:00:58 [info] 📡 Iniciando getOfferInfo() para ANI: 3217463422
2026-01-20 16:00:58 [info] 🔍 Consultando impacto: 1
2026-01-20 16:00:58 [info] ✔️ Impacto 1 respondió en 593 ms
2026-01-20 16:00:58 [info] 🔍 Consultando impacto: 2
2026-01-20 16:00:58 [info] ✔️ Impacto 2 respondió en 103 ms
2026-01-20 16:00:58 [info] ✅ Impacto 2 encontrado, texto detectado
2026-01-20 16:00:58 [info] ⏳ Consultando opción, validation y cases en paralelo...
2026-01-20 16:00:59 [info] ✔️ Consultas paralelas completadas en 401 ms
2026-01-20 16:00:59 [info] 🏁 Finalizando getOfferInfo(). Impacto encontrado: 2
2026-01-20 16:00:59 [info] option recibido: "Ofrece Matriz de Retenci¿n"
2026-01-20 16:00:59 [info] ⚙️ Cargando datos adicionales porque contiene 'Matriz'
2026-01-20 16:00:59 [info] 📡 Iniciando consulta getFullEquipoData() a Power BI
2026-01-20 16:00:59 [info] ✔️ Power BI respondió en 104 ms
2026-01-20 16:00:59 [info] ✔️ Data formateada correctamente en getFullEquipoData
2026-01-20 16:00:59 [info] ✔️ getFullEquipoData() OK en 113 ms
2026-01-20 16:00:59 [info] ✔️ getOfferMatrixData() OK en 2 ms
2026-01-20 16:00:59 [info] 🎯 /userinfo completado en 1225 ms
2026-01-20 16:02:23 [info] 📥 Nueva solicitud a /userinfo
2026-01-20 16:02:23 [info] 🔍 Ejecutando getOfferInfo()...
2026-01-20 16:02:23 [info] 📡 Iniciando getOfferInfo() para ANI: 3217463422
2026-01-20 16:02:23 [info] 🔍 Consultando impacto: 1
2026-01-20 16:02:23 [info] ✔️ Impacto 1 respondió en 582 ms
2026-01-20 16:02:23 [info] 🔍 Consultando impacto: 2
2026-01-20 16:02:23 [info] ✔️ Impacto 2 respondió en 104 ms
2026-01-20 16:02:23 [info] ✅ Impacto 2 encontrado, texto detectado
2026-01-20 16:02:23 [info] ⏳ Consultando opción, validation y cases en paralelo...
2026-01-20 16:02:24 [info] ✔️ Consultas paralelas completadas en 394 ms
2026-01-20 16:02:24 [info] 🏁 Finalizando getOfferInfo(). Impacto encontrado: 2
2026-01-20 16:02:24 [info] option recibido: "Ofrece Matriz de Retenci¿n"
2026-01-20 16:02:24 [info] ⚙️ Cargando datos adicionales porque contiene 'Matriz'
2026-01-20 16:02:24 [info] 📡 Iniciando consulta getFullEquipoData() a Power BI
2026-01-20 16:02:24 [info] ✔️ Power BI respondió en 99 ms
2026-01-20 16:02:24 [info] ✔️ Data formateada correctamente en getFullEquipoData
2026-01-20 16:02:24 [info] ✔️ getFullEquipoData() OK en 105 ms
2026-01-20 16:02:24 [info] ✔️ getOfferMatrixData() OK en 2 ms
2026-01-20 16:02:24 [info] 🎯 /userinfo completado en 1195 ms
2026-01-20 16:05:39 [info] 📥 Nueva solicitud a /userinfo
2026-01-20 16:05:39 [info] 🔍 Ejecutando getOfferInfo()...
2026-01-20 16:05:39 [info] 📡 Iniciando getOfferInfo() para ANI: 3217463422
2026-01-20 16:05:39 [info] 🔍 Consultando impacto: 1
2026-01-20 16:05:40 [info] ✔️ Impacto 1 respondió en 559 ms
2026-01-20 16:05:40 [info] 🔍 Consultando impacto: 2
2026-01-20 16:05:40 [info] ✔️ Impacto 2 respondió en 103 ms
2026-01-20 16:05:40 [info] ✅ Impacto 2 encontrado, texto detectado
2026-01-20 16:05:40 [info] ⏳ Consultando opción, validation y cases en paralelo...
2026-01-20 16:05:40 [info] ✔️ Consultas paralelas completadas en 396 ms
2026-01-20 16:05:40 [info] 🏁 Finalizando getOfferInfo(). Impacto encontrado: 2
2026-01-20 16:05:40 [info] option recibido: "Ofrece Matriz de Retenci¿n"
2026-01-20 16:05:40 [info] ⚙️ Cargando datos adicionales porque contiene 'Matriz'
2026-01-20 16:05:40 [info] 📡 Iniciando consulta getFullEquipoData() a Power BI
2026-01-20 16:05:40 [info] ✔️ Power BI respondió en 100 ms
2026-01-20 16:05:40 [info] ✔️ Data formateada correctamente en getFullEquipoData
2026-01-20 16:05:40 [info] ✔️ getFullEquipoData() OK en 107 ms
2026-01-20 16:05:40 [info] 📡 Iniciando getOfferMatrixData() plan="undefined" value="undefined"
2026-01-20 16:05:40 [info] ⏳ Consultando matriz y planDetails en paralelo...
2026-01-20 16:05:41 [info] ✔️ Consultas paralelas completadas en 254 ms
2026-01-20 16:05:41 [error] TypeError: Cannot read properties of undefined (reading '0')
    at formatValueDicts (C:\Users\jcbotero\Documents\Emtelco-uniphore coflow\my-express-api\src\utilities\sortPlanDetails.js:2:57)
    at getOfferMatrixData (C:\Users\jcbotero\Documents\Emtelco-uniphore coflow\my-express-api\src\services\getOfferMatrixData.js:31:23)
    at process.processTicksAndRejections (node:internal/process/task_queues:95:5)
    at async getUserInfo (C:\Users\jcbotero\Documents\Emtelco-uniphore coflow\my-express-api\src\controllers\index.js:72:22)
2026-01-20 16:05:41 [info] ✔️ getOfferMatrixData() OK en 257 ms
2026-01-20 16:05:41 [info] 🎯 /userinfo completado en 1431 ms
2026-01-20 16:06:07 [info] 📥 Nueva solicitud a /userinfo
2026-01-20 16:06:07 [info] 🔍 Ejecutando getOfferInfo()...
2026-01-20 16:06:07 [info] 📡 Iniciando getOfferInfo() para ANI: 3217463422
2026-01-20 16:06:07 [info] 🔍 Consultando impacto: 1
2026-01-20 16:06:08 [info] ✔️ Impacto 1 respondió en 565 ms
2026-01-20 16:06:08 [info] 🔍 Consultando impacto: 2
2026-01-20 16:06:08 [info] ✔️ Impacto 2 respondió en 100 ms
2026-01-20 16:06:08 [info] ✅ Impacto 2 encontrado, texto detectado
2026-01-20 16:06:08 [info] ⏳ Consultando opción, validation y cases en paralelo...
2026-01-20 16:06:08 [info] ✔️ Consultas paralelas completadas en 390 ms
2026-01-20 16:06:08 [info] 🏁 Finalizando getOfferInfo(). Impacto encontrado: 2
2026-01-20 16:06:08 [info] option recibido: "Ofrece Matriz de Retenci¿n"
2026-01-20 16:06:08 [info] ⚙️ Cargando datos adicionales porque contiene 'Matriz'
2026-01-20 16:06:08 [info] 📡 Iniciando consulta getFullEquipoData() a Power BI
2026-01-20 16:06:08 [info] ✔️ Power BI respondió en 99 ms
2026-01-20 16:06:08 [info] ✔️ Data formateada correctamente en getFullEquipoData
2026-01-20 16:06:08 [info] ✔️ getFullEquipoData() OK en 101 ms
2026-01-20 16:06:08 [info] 📡 Iniciando getOfferMatrixData() plan="undefined" value="undefined"
2026-01-20 16:06:08 [info] ⏳ Consultando matriz y planDetails en paralelo...
2026-01-20 16:06:08 [info] ✔️ Consultas paralelas completadas en 99 ms
2026-01-20 16:06:08 [error] TypeError: Cannot read properties of undefined (reading '0')
    at formatValueDicts (C:\Users\jcbotero\Documents\Emtelco-uniphore coflow\my-express-api\src\utilities\sortPlanDetails.js:2:57)
    at getOfferMatrixData (C:\Users\jcbotero\Documents\Emtelco-uniphore coflow\my-express-api\src\services\getOfferMatrixData.js:31:23)
    at process.processTicksAndRejections (node:internal/process/task_queues:95:5)
    at async getUserInfo (C:\Users\jcbotero\Documents\Emtelco-uniphore coflow\my-express-api\src\controllers\index.js:73:22)
2026-01-20 16:06:08 [info] ✔️ getOfferMatrixData() OK en 101 ms
2026-01-20 16:06:08 [info] 🎯 /userinfo completado en 1265 ms
2026-01-20 16:08:30 [info] 📥 Nueva solicitud a /userinfo
2026-01-20 16:08:30 [info] 🔍 Ejecutando getOfferInfo()...
2026-01-20 16:08:30 [info] 📡 Iniciando getOfferInfo() para ANI: 3217463422
2026-01-20 16:08:30 [info] 🔍 Consultando impacto: 1
2026-01-20 16:08:30 [info] ✔️ Impacto 1 respondió en 578 ms
2026-01-20 16:08:30 [info] 🔍 Consultando impacto: 2
2026-01-20 16:08:30 [info] ✔️ Impacto 2 respondió en 105 ms
2026-01-20 16:08:30 [info] ✅ Impacto 2 encontrado, texto detectado
2026-01-20 16:08:30 [info] ⏳ Consultando opción, validation y cases en paralelo...
2026-01-20 16:08:31 [info] ✔️ Consultas paralelas completadas en 399 ms
2026-01-20 16:08:31 [info] 🏁 Finalizando getOfferInfo(). Impacto encontrado: 2
2026-01-20 16:08:31 [info] option recibido: "Ofrece Matriz de Retenci¿n"
2026-01-20 16:08:31 [info] ⚙️ Cargando datos adicionales porque contiene 'Matriz'
2026-01-20 16:08:31 [info] 📡 Iniciando consulta getFullEquipoData() a Power BI
2026-01-20 16:08:31 [info] ✔️ Power BI respondió en 103 ms
2026-01-20 16:08:31 [info] ✔️ Data formateada correctamente en getFullEquipoData
2026-01-20 16:08:31 [info] ✔️ getFullEquipoData() OK en 112 ms
2026-01-20 16:08:31 [info] 📡 Iniciando getOfferMatrixData() plan="undefined" value="79900"
2026-01-20 16:08:31 [info] ⏳ Consultando matriz y planDetails en paralelo...
2026-01-20 16:08:31 [info] ✔️ Consultas paralelas completadas en 290 ms
2026-01-20 16:08:31 [error] TypeError: Cannot read properties of undefined (reading 'D0')
    at formatValueDicts (C:\Users\jcbotero\Documents\Emtelco-uniphore coflow\my-express-api\src\utilities\sortPlanDetails.js:4:17)
    at getOfferMatrixData (C:\Users\jcbotero\Documents\Emtelco-uniphore coflow\my-express-api\src\services\getOfferMatrixData.js:31:23)
    at process.processTicksAndRejections (node:internal/process/task_queues:95:5)
    at async getUserInfo (C:\Users\jcbotero\Documents\Emtelco-uniphore coflow\my-express-api\src\controllers\index.js:73:22)
2026-01-20 16:08:31 [info] ✔️ getOfferMatrixData() OK en 297 ms
2026-01-20 16:08:31 [info] 🎯 /userinfo completado en 1501 ms
2026-01-20 16:09:26 [info] 📥 Nueva solicitud a /userinfo
2026-01-20 16:09:26 [info] 🔍 Ejecutando getOfferInfo()...
2026-01-20 16:09:26 [info] 📡 Iniciando getOfferInfo() para ANI: 3217463422
2026-01-20 16:09:26 [info] 🔍 Consultando impacto: 1
2026-01-20 16:09:26 [info] ✔️ Impacto 1 respondió en 559 ms
2026-01-20 16:09:26 [info] 🔍 Consultando impacto: 2
2026-01-20 16:09:26 [info] ✔️ Impacto 2 respondió en 102 ms
2026-01-20 16:09:26 [info] ✅ Impacto 2 encontrado, texto detectado
2026-01-20 16:09:26 [info] ⏳ Consultando opción, validation y cases en paralelo...
2026-01-20 16:09:27 [info] ✔️ Consultas paralelas completadas en 406 ms
2026-01-20 16:09:27 [info] 🏁 Finalizando getOfferInfo(). Impacto encontrado: 2
2026-01-20 16:09:27 [info] option recibido: "Ofrece Matriz de Retenci¿n"
2026-01-20 16:09:27 [info] ⚙️ Cargando datos adicionales porque contiene 'Matriz'
2026-01-20 16:09:27 [info] 📡 Iniciando consulta getFullEquipoData() a Power BI
2026-01-20 16:09:27 [info] ✔️ Power BI respondió en 101 ms
2026-01-20 16:09:27 [info] ✔️ Data formateada correctamente en getFullEquipoData
2026-01-20 16:09:27 [info] ✔️ getFullEquipoData() OK en 109 ms
2026-01-20 16:09:27 [info] 📡 Iniciando getOfferMatrixData() plan="Pospago Fidelizacion 5.0 Plus+_V2 763|7631" value="79900"
2026-01-20 16:09:27 [info] ⏳ Consultando matriz y planDetails en paralelo...
2026-01-20 16:09:27 [info] ✔️ Consultas paralelas completadas en 255 ms
2026-01-20 16:09:27 [error] TypeError: Cannot read properties of undefined (reading 'D0')
    at formatValueDicts (C:\Users\jcbotero\Documents\Emtelco-uniphore coflow\my-express-api\src\utilities\sortPlanDetails.js:4:17)
    at getOfferMatrixData (C:\Users\jcbotero\Documents\Emtelco-uniphore coflow\my-express-api\src\services\getOfferMatrixData.js:31:23)
    at process.processTicksAndRejections (node:internal/process/task_queues:95:5)
    at async getUserInfo (C:\Users\jcbotero\Documents\Emtelco-uniphore coflow\my-express-api\src\controllers\index.js:73:22)
2026-01-20 16:09:27 [info] ✔️ getOfferMatrixData() OK en 261 ms
2026-01-20 16:09:27 [info] 🎯 /userinfo completado en 1449 ms
2026-01-20 16:09:49 [info] 📥 Nueva solicitud a /userinfo
2026-01-20 16:09:49 [info] 🔍 Ejecutando getOfferInfo()...
2026-01-20 16:09:49 [info] 📡 Iniciando getOfferInfo() para ANI: 3217463422
2026-01-20 16:09:49 [info] 🔍 Consultando impacto: 1
2026-01-20 16:09:49 [info] ✔️ Impacto 1 respondió en 549 ms
2026-01-20 16:09:49 [info] 🔍 Consultando impacto: 2
2026-01-20 16:09:49 [info] ✔️ Impacto 2 respondió en 101 ms
2026-01-20 16:09:49 [info] ✅ Impacto 2 encontrado, texto detectado
2026-01-20 16:09:49 [info] ⏳ Consultando opción, validation y cases en paralelo...
2026-01-20 16:09:50 [info] ✔️ Consultas paralelas completadas en 406 ms
2026-01-20 16:09:50 [info] 🏁 Finalizando getOfferInfo(). Impacto encontrado: 2
2026-01-20 16:09:50 [info] option recibido: "Ofrece Matriz de Retenci¿n"
2026-01-20 16:09:50 [info] ⚙️ Cargando datos adicionales porque contiene 'Matriz'
2026-01-20 16:09:50 [info] 📡 Iniciando consulta getFullEquipoData() a Power BI
2026-01-20 16:09:50 [info] ✔️ Power BI respondió en 104 ms
2026-01-20 16:09:50 [info] ✔️ Data formateada correctamente en getFullEquipoData
2026-01-20 16:09:50 [info] ✔️ getFullEquipoData() OK en 112 ms
2026-01-20 16:09:50 [info] 📡 Iniciando getOfferMatrixData() plan="Pospago Fidelizacion 5.0 Plus+_V2 763|7631" value="79900"
2026-01-20 16:09:50 [info] ⏳ Consultando matriz y planDetails en paralelo...
2026-01-20 16:09:50 [info] ✔️ Consultas paralelas completadas en 104 ms
2026-01-20 16:09:50 [error] TypeError: Cannot read properties of undefined (reading 'D0')
    at formatValueDicts (C:\Users\jcbotero\Documents\Emtelco-uniphore coflow\my-express-api\src\utilities\sortPlanDetails.js:4:17)
    at getOfferMatrixData (C:\Users\jcbotero\Documents\Emtelco-uniphore coflow\my-express-api\src\services\getOfferMatrixData.js:31:23)
    at process.processTicksAndRejections (node:internal/process/task_queues:95:5)
    at async getUserInfo (C:\Users\jcbotero\Documents\Emtelco-uniphore coflow\my-express-api\src\controllers\index.js:73:22)
2026-01-20 16:09:50 [info] ✔️ getOfferMatrixData() OK en 110 ms
2026-01-20 16:09:50 [info] 🎯 /userinfo completado en 1292 ms
2026-01-20 16:10:21 [info] 📥 Nueva solicitud a /userinfo
2026-01-20 16:10:21 [info] 🔍 Ejecutando getOfferInfo()...
2026-01-20 16:10:21 [info] 📡 Iniciando getOfferInfo() para ANI: 3217463422
2026-01-20 16:10:21 [info] 🔍 Consultando impacto: 1
2026-01-20 16:10:21 [info] ✔️ Impacto 1 respondió en 579 ms
2026-01-20 16:10:21 [info] 🔍 Consultando impacto: 2
2026-01-20 16:10:21 [info] ✔️ Impacto 2 respondió en 105 ms
2026-01-20 16:10:21 [info] ✅ Impacto 2 encontrado, texto detectado
2026-01-20 16:10:21 [info] ⏳ Consultando opción, validation y cases en paralelo...
2026-01-20 16:10:22 [info] ✔️ Consultas paralelas completadas en 407 ms
2026-01-20 16:10:22 [info] 🏁 Finalizando getOfferInfo(). Impacto encontrado: 2
2026-01-20 16:10:22 [info] option recibido: "Ofrece Matriz de Retenci¿n"
2026-01-20 16:10:22 [info] ⚙️ Cargando datos adicionales porque contiene 'Matriz'
2026-01-20 16:10:22 [info] 📡 Iniciando consulta getFullEquipoData() a Power BI
2026-01-20 16:10:22 [info] ✔️ Power BI respondió en 100 ms
2026-01-20 16:10:22 [info] ✔️ Data formateada correctamente en getFullEquipoData
2026-01-20 16:10:22 [info] ✔️ getFullEquipoData() OK en 105 ms
2026-01-20 16:10:22 [info] 📡 Iniciando getOfferMatrixData() plan="Pospago Fidelizacion 5.0 Plus+_V2 (763|7631)" value="79900"
2026-01-20 16:10:22 [info] ⏳ Consultando matriz y planDetails en paralelo...
2026-01-20 16:10:22 [info] ✔️ Consultas paralelas completadas en 334 ms
2026-01-20 16:10:22 [error] TypeError: Cannot read properties of undefined (reading 'D0')
    at formatValueDicts (C:\Users\jcbotero\Documents\Emtelco-uniphore coflow\my-express-api\src\utilities\sortPlanDetails.js:4:17)
    at getOfferMatrixData (C:\Users\jcbotero\Documents\Emtelco-uniphore coflow\my-express-api\src\services\getOfferMatrixData.js:31:23)
    at process.processTicksAndRejections (node:internal/process/task_queues:95:5)
    at async getUserInfo (C:\Users\jcbotero\Documents\Emtelco-uniphore coflow\my-express-api\src\controllers\index.js:73:22)
2026-01-20 16:10:22 [info] ✔️ getOfferMatrixData() OK en 340 ms
2026-01-20 16:10:22 [info] 🎯 /userinfo completado en 1551 ms
2026-01-20 16:10:48 [info] 📥 Nueva solicitud a /userinfo
2026-01-20 16:10:48 [info] 🔍 Ejecutando getOfferInfo()...
2026-01-20 16:10:48 [info] 📡 Iniciando getOfferInfo() para ANI: 3217463422
2026-01-20 16:10:48 [info] 🔍 Consultando impacto: 1
2026-01-20 16:10:49 [info] ✔️ Impacto 1 respondió en 581 ms
2026-01-20 16:10:49 [info] 🔍 Consultando impacto: 2
2026-01-20 16:10:49 [info] ✔️ Impacto 2 respondió en 97 ms
2026-01-20 16:10:49 [info] ✅ Impacto 2 encontrado, texto detectado
2026-01-20 16:10:49 [info] ⏳ Consultando opción, validation y cases en paralelo...
2026-01-20 16:10:49 [info] ✔️ Consultas paralelas completadas en 392 ms
2026-01-20 16:10:49 [info] 🏁 Finalizando getOfferInfo(). Impacto encontrado: 2
2026-01-20 16:10:49 [info] option recibido: "Ofrece Matriz de Retenci¿n"
2026-01-20 16:10:49 [info] ⚙️ Cargando datos adicionales porque contiene 'Matriz'
2026-01-20 16:10:49 [info] 📡 Iniciando consulta getFullEquipoData() a Power BI
2026-01-20 16:10:49 [info] ✔️ Power BI respondió en 99 ms
2026-01-20 16:10:49 [info] ✔️ Data formateada correctamente en getFullEquipoData
2026-01-20 16:10:49 [info] ✔️ getFullEquipoData() OK en 106 ms
2026-01-20 16:10:49 [info] 📡 Iniciando getOfferMatrixData() plan="Pospago Fidelizacion 5.0 Plus+_V2 (763|7631)" value="79900"
2026-01-20 16:10:49 [info] ⏳ Consultando matriz y planDetails en paralelo...
2026-01-20 16:10:49 [info] ✔️ Consultas paralelas completadas en 106 ms
2026-01-20 16:10:49 [error] TypeError: Cannot read properties of undefined (reading 'D0')
    at formatValueDicts (C:\Users\jcbotero\Documents\Emtelco-uniphore coflow\my-express-api\src\utilities\sortPlanDetails.js:4:17)
    at getOfferMatrixData (C:\Users\jcbotero\Documents\Emtelco-uniphore coflow\my-express-api\src\services\getOfferMatrixData.js:31:23)
    at process.processTicksAndRejections (node:internal/process/task_queues:95:5)
    at async getUserInfo (C:\Users\jcbotero\Documents\Emtelco-uniphore coflow\my-express-api\src\controllers\index.js:73:22)
2026-01-20 16:10:49 [info] ✔️ getOfferMatrixData() OK en 108 ms
2026-01-20 16:10:49 [info] 🎯 /userinfo completado en 1291 ms
2026-01-20 16:15:56 [info] 📥 Nueva solicitud a /userinfo
2026-01-20 16:15:56 [info] 🔍 Ejecutando getOfferInfo()...
2026-01-20 16:15:56 [info] 📡 Iniciando getOfferInfo() para ANI: 3217463422
2026-01-20 16:15:56 [info] 🔍 Consultando impacto: 1
2026-01-20 16:15:59 [info] ✔️ Impacto 1 respondió en 2811 ms
2026-01-20 16:15:59 [info] 🔍 Consultando impacto: 2
2026-01-20 16:16:01 [info] ✔️ Impacto 2 respondió en 1763 ms
2026-01-20 16:16:01 [info] ✅ Impacto 2 encontrado, texto detectado
2026-01-20 16:16:01 [info] ⏳ Consultando opción, validation y cases en paralelo...
2026-01-20 16:16:07 [info] ✔️ Consultas paralelas completadas en 5989 ms
2026-01-20 16:16:07 [info] 🏁 Finalizando getOfferInfo(). Impacto encontrado: 2
2026-01-20 16:16:07 [info] option recibido: "Ofrece Matriz de Retenci¿n"
2026-01-20 16:16:07 [info] ⚙️ Cargando datos adicionales porque contiene 'Matriz'
2026-01-20 16:16:07 [info] 📡 Iniciando consulta getFullEquipoData() a Power BI
2026-01-20 16:16:10 [info] ✔️ Power BI respondió en 2865 ms
2026-01-20 16:16:10 [info] ✔️ Data formateada correctamente en getFullEquipoData
2026-01-20 16:16:10 [info] ✔️ getFullEquipoData() OK en 2867 ms
2026-01-20 16:16:10 [info] 📡 Iniciando getOfferMatrixData() plan="Pospago 5.2 Plus Seg" value="79900"
2026-01-20 16:16:10 [info] ⏳ Consultando matriz y planDetails en paralelo...
2026-01-20 16:16:17 [info] ✔️ Consultas paralelas completadas en 7385 ms
2026-01-20 16:16:17 [error] TypeError: Cannot read properties of undefined (reading 'D0')
    at formatValueDicts (C:\Users\jcbotero\Documents\Emtelco-uniphore coflow\my-express-api\src\utilities\sortPlanDetails.js:4:17)
    at getOfferMatrixData (C:\Users\jcbotero\Documents\Emtelco-uniphore coflow\my-express-api\src\services\getOfferMatrixData.js:31:23)
    at process.processTicksAndRejections (node:internal/process/task_queues:95:5)
    at async getUserInfo (C:\Users\jcbotero\Documents\Emtelco-uniphore coflow\my-express-api\src\controllers\index.js:73:22)
2026-01-20 16:16:17 [info] ✔️ getOfferMatrixData() OK en 7387 ms
2026-01-20 16:16:17 [info] 🎯 /userinfo completado en 20821 ms
2026-01-20 16:17:16 [info] 📥 Nueva solicitud a /userinfo
2026-01-20 16:17:16 [info] 🔍 Ejecutando getOfferInfo()...
2026-01-20 16:17:16 [info] 📡 Iniciando getOfferInfo() para ANI: 3217463422
2026-01-20 16:17:16 [info] 🔍 Consultando impacto: 1
2026-01-20 16:17:16 [info] ✔️ Impacto 1 respondió en 644 ms
2026-01-20 16:17:16 [info] 🔍 Consultando impacto: 2
2026-01-20 16:17:17 [info] ✔️ Impacto 2 respondió en 106 ms
2026-01-20 16:17:17 [info] ✅ Impacto 2 encontrado, texto detectado
2026-01-20 16:17:17 [info] ⏳ Consultando opción, validation y cases en paralelo...
2026-01-20 16:17:17 [info] ✔️ Consultas paralelas completadas en 419 ms
2026-01-20 16:17:17 [info] 🏁 Finalizando getOfferInfo(). Impacto encontrado: 2
2026-01-20 16:17:17 [info] option recibido: "Ofrece Matriz de Retenci¿n"
2026-01-20 16:17:17 [info] ⚙️ Cargando datos adicionales porque contiene 'Matriz'
2026-01-20 16:17:17 [info] 📡 Iniciando consulta getFullEquipoData() a Power BI
2026-01-20 16:17:17 [info] ✔️ Power BI respondió en 102 ms
2026-01-20 16:17:17 [info] ✔️ Data formateada correctamente en getFullEquipoData
2026-01-20 16:17:17 [info] ✔️ getFullEquipoData() OK en 109 ms
2026-01-20 16:17:17 [info] 📡 Iniciando getOfferMatrixData() plan="Pospago Fidelizacion 5.0 Plus+ (745|7451)" value="79900"
2026-01-20 16:17:17 [info] ⏳ Consultando matriz y planDetails en paralelo...
2026-01-20 16:17:17 [info] ✔️ Consultas paralelas completadas en 278 ms
2026-01-20 16:17:17 [error] TypeError: Cannot read properties of undefined (reading 'D0')
    at formatValueDicts (C:\Users\jcbotero\Documents\Emtelco-uniphore coflow\my-express-api\src\utilities\sortPlanDetails.js:4:17)
    at getOfferMatrixData (C:\Users\jcbotero\Documents\Emtelco-uniphore coflow\my-express-api\src\services\getOfferMatrixData.js:31:23)
    at process.processTicksAndRejections (node:internal/process/task_queues:95:5)
    at async getUserInfo (C:\Users\jcbotero\Documents\Emtelco-uniphore coflow\my-express-api\src\controllers\index.js:73:22)
2026-01-20 16:17:17 [info] ✔️ getOfferMatrixData() OK en 282 ms
2026-01-20 16:17:17 [info] 🎯 /userinfo completado en 1577 ms
2026-01-20 16:17:47 [info] 📥 Nueva solicitud a /userinfo
2026-01-20 16:17:47 [info] 🔍 Ejecutando getOfferInfo()...
2026-01-20 16:17:47 [info] 📡 Iniciando getOfferInfo() para ANI: 3217463422
2026-01-20 16:17:47 [info] 🔍 Consultando impacto: 1
2026-01-20 16:17:48 [info] ✔️ Impacto 1 respondió en 492 ms
2026-01-20 16:17:48 [info] 🔍 Consultando impacto: 2
2026-01-20 16:17:48 [info] ✔️ Impacto 2 respondió en 100 ms
2026-01-20 16:17:48 [info] ✅ Impacto 2 encontrado, texto detectado
2026-01-20 16:17:48 [info] ⏳ Consultando opción, validation y cases en paralelo...
2026-01-20 16:17:48 [info] ✔️ Consultas paralelas completadas en 403 ms
2026-01-20 16:17:48 [info] 🏁 Finalizando getOfferInfo(). Impacto encontrado: 2
2026-01-20 16:17:48 [info] option recibido: "Ofrece Matriz de Retenci¿n"
2026-01-20 16:17:48 [info] ⚙️ Cargando datos adicionales porque contiene 'Matriz'
2026-01-20 16:17:48 [info] 📡 Iniciando consulta getFullEquipoData() a Power BI
2026-01-20 16:17:48 [info] ✔️ Power BI respondió en 104 ms
2026-01-20 16:17:48 [info] ✔️ Data formateada correctamente en getFullEquipoData
2026-01-20 16:17:48 [info] ✔️ getFullEquipoData() OK en 106 ms
2026-01-20 16:17:48 [info] 📡 Iniciando getOfferMatrixData() plan="undefined (undefined|undefined1)" value="79900"
2026-01-20 16:17:48 [info] ⏳ Consultando matriz y planDetails en paralelo...
2026-01-20 16:17:49 [info] ✔️ Consultas paralelas completadas en 246 ms
2026-01-20 16:17:49 [error] TypeError: Cannot read properties of undefined (reading 'D0')
    at formatValueDicts (C:\Users\jcbotero\Documents\Emtelco-uniphore coflow\my-express-api\src\utilities\sortPlanDetails.js:4:17)
    at getOfferMatrixData (C:\Users\jcbotero\Documents\Emtelco-uniphore coflow\my-express-api\src\services\getOfferMatrixData.js:31:23)
    at process.processTicksAndRejections (node:internal/process/task_queues:95:5)
    at async getUserInfo (C:\Users\jcbotero\Documents\Emtelco-uniphore coflow\my-express-api\src\controllers\index.js:73:22)
2026-01-20 16:17:49 [info] ✔️ getOfferMatrixData() OK en 249 ms
2026-01-20 16:17:49 [info] 🎯 /userinfo completado en 1359 ms
2026-01-20 16:21:43 [info] 📥 Nueva solicitud a /userinfo
2026-01-20 16:21:43 [info] 🔍 Ejecutando getOfferInfo()...
2026-01-20 16:21:43 [info] 📡 Iniciando getOfferInfo() para ANI: 3217463422
2026-01-20 16:21:43 [info] 🔍 Consultando impacto: 1
2026-01-20 16:21:44 [info] ✔️ Impacto 1 respondió en 497 ms
2026-01-20 16:21:44 [info] 🔍 Consultando impacto: 2
2026-01-20 16:21:44 [info] ✔️ Impacto 2 respondió en 99 ms
2026-01-20 16:21:44 [info] ✅ Impacto 2 encontrado, texto detectado
2026-01-20 16:21:44 [info] ⏳ Consultando opción, validation y cases en paralelo...
2026-01-20 16:21:44 [info] ✔️ Consultas paralelas completadas en 510 ms
2026-01-20 16:21:44 [info] 🏁 Finalizando getOfferInfo(). Impacto encontrado: 2
2026-01-20 16:21:44 [info] option recibido: "Ofrece Matriz de Retenci¿n"
2026-01-20 16:21:44 [info] ⚙️ Cargando datos adicionales porque contiene 'Matriz'
2026-01-20 16:21:44 [info] 📡 Iniciando consulta getFullEquipoData() a Power BI
2026-01-20 16:21:44 [info] ✔️ Power BI respondió en 98 ms
2026-01-20 16:21:44 [info] ✔️ Data formateada correctamente en getFullEquipoData
2026-01-20 16:21:44 [info] ✔️ getFullEquipoData() OK en 107 ms
2026-01-20 16:21:44 [info] 📡 Iniciando getOfferMatrixData() plan="Pospago 5.11 (744|7441)" value="79900"
2026-01-20 16:21:44 [info] ⏳ Consultando matriz y planDetails en paralelo...
2026-01-20 16:21:45 [info] ✔️ Consultas paralelas completadas en 326 ms
2026-01-20 16:21:45 [error] TypeError: Cannot read properties of undefined (reading 'D0')
    at formatValueDicts (C:\Users\jcbotero\Documents\Emtelco-uniphore coflow\my-express-api\src\utilities\sortPlanDetails.js:4:17)
    at getOfferMatrixData (C:\Users\jcbotero\Documents\Emtelco-uniphore coflow\my-express-api\src\services\getOfferMatrixData.js:31:23)
    at process.processTicksAndRejections (node:internal/process/task_queues:95:5)
    at async getUserInfo (C:\Users\jcbotero\Documents\Emtelco-uniphore coflow\my-express-api\src\controllers\index.js:73:22)
2026-01-20 16:21:45 [info] ✔️ getOfferMatrixData() OK en 330 ms
2026-01-20 16:21:45 [info] 🎯 /userinfo completado en 1548 ms
2026-01-20 16:23:17 [info] 📥 Nueva solicitud a /userinfo
2026-01-20 16:23:17 [info] 🔍 Ejecutando getOfferInfo()...
2026-01-20 16:23:17 [info] 📡 Iniciando getOfferInfo() para ANI: 3217463422
2026-01-20 16:23:17 [info] 🔍 Consultando impacto: 1
2026-01-20 16:23:17 [info] ✔️ Impacto 1 respondió en 594 ms
2026-01-20 16:23:17 [info] 🔍 Consultando impacto: 2
2026-01-20 16:23:17 [info] ✔️ Impacto 2 respondió en 103 ms
2026-01-20 16:23:17 [info] ✅ Impacto 2 encontrado, texto detectado
2026-01-20 16:23:17 [info] ⏳ Consultando opción, validation y cases en paralelo...
2026-01-20 16:23:18 [info] ✔️ Consultas paralelas completadas en 401 ms
2026-01-20 16:23:18 [info] 🏁 Finalizando getOfferInfo(). Impacto encontrado: 2
2026-01-20 16:23:18 [info] option recibido: "Ofrece Matriz de Retenci¿n"
2026-01-20 16:23:18 [info] ⚙️ Cargando datos adicionales porque contiene 'Matriz'
2026-01-20 16:23:18 [info] 📡 Iniciando consulta getFullEquipoData() a Power BI
2026-01-20 16:23:18 [info] ✔️ Power BI respondió en 102 ms
2026-01-20 16:23:18 [info] ✔️ Data formateada correctamente en getFullEquipoData
2026-01-20 16:23:18 [info] ✔️ getFullEquipoData() OK en 111 ms
2026-01-20 16:23:18 [info] 📡 Iniciando getOfferMatrixData() plan="Pospago 5.11 (744|7441)" value="79900"
2026-01-20 16:23:18 [info] ⏳ Consultando matriz y planDetails en paralelo...
2026-01-20 16:23:18 [info] ✔️ Consultas paralelas completadas en 105 ms
2026-01-20 16:23:18 [error] TypeError: Cannot read properties of undefined (reading 'D0')
    at formatValueDicts (C:\Users\jcbotero\Documents\Emtelco-uniphore coflow\my-express-api\src\utilities\sortPlanDetails.js:4:17)
    at getOfferMatrixData (C:\Users\jcbotero\Documents\Emtelco-uniphore coflow\my-express-api\src\services\getOfferMatrixData.js:31:23)
    at process.processTicksAndRejections (node:internal/process/task_queues:95:5)
    at async getUserInfo (C:\Users\jcbotero\Documents\Emtelco-uniphore coflow\my-express-api\src\controllers\index.js:73:22)
2026-01-20 16:23:18 [info] ✔️ getOfferMatrixData() OK en 112 ms
2026-01-20 16:23:18 [info] 🎯 /userinfo completado en 1333 ms
2026-01-20 16:23:48 [info] 📥 Nueva solicitud a /userinfo
2026-01-20 16:23:48 [info] 🔍 Ejecutando getOfferInfo()...
2026-01-20 16:23:48 [info] 📡 Iniciando getOfferInfo() para ANI: 3217463422
2026-01-20 16:23:48 [info] 🔍 Consultando impacto: 1
2026-01-20 16:23:49 [info] ✔️ Impacto 1 respondió en 536 ms
2026-01-20 16:23:49 [info] 🔍 Consultando impacto: 2
2026-01-20 16:23:49 [info] ✔️ Impacto 2 respondió en 95 ms
2026-01-20 16:23:49 [info] ✅ Impacto 2 encontrado, texto detectado
2026-01-20 16:23:49 [info] ⏳ Consultando opción, validation y cases en paralelo...
2026-01-20 16:23:49 [info] ✔️ Consultas paralelas completadas en 394 ms
2026-01-20 16:23:49 [info] 🏁 Finalizando getOfferInfo(). Impacto encontrado: 2
2026-01-20 16:23:49 [info] option recibido: "Ofrece Matriz de Retenci¿n"
2026-01-20 16:23:49 [info] ⚙️ Cargando datos adicionales porque contiene 'Matriz'
2026-01-20 16:23:49 [info] 📡 Iniciando consulta getFullEquipoData() a Power BI
2026-01-20 16:23:49 [info] ✔️ Power BI respondió en 99 ms
2026-01-20 16:23:49 [info] ✔️ Data formateada correctamente en getFullEquipoData
2026-01-20 16:23:49 [info] ✔️ getFullEquipoData() OK en 104 ms
2026-01-20 16:23:49 [info] 📡 Iniciando getOfferMatrixData() plan="Pospago 5.11 (744|7441)" value="79900"
2026-01-20 16:23:49 [info] ⏳ Consultando matriz y planDetails en paralelo...
2026-01-20 16:23:49 [info] ✔️ Consultas paralelas completadas en 102 ms
2026-01-20 16:23:49 [error] TypeError: Cannot read properties of undefined (reading 'D0')
    at formatValueDicts (C:\Users\jcbotero\Documents\Emtelco-uniphore coflow\my-express-api\src\utilities\sortPlanDetails.js:4:17)
    at getOfferMatrixData (C:\Users\jcbotero\Documents\Emtelco-uniphore coflow\my-express-api\src\services\getOfferMatrixData.js:31:23)
    at process.processTicksAndRejections (node:internal/process/task_queues:95:5)
    at async getUserInfo (C:\Users\jcbotero\Documents\Emtelco-uniphore coflow\my-express-api\src\controllers\index.js:73:22)
2026-01-20 16:23:49 [info] ✔️ getOfferMatrixData() OK en 107 ms
2026-01-20 16:23:49 [info] 🎯 /userinfo completado en 1246 ms
2026-01-20 16:26:25 [info] 📥 Nueva solicitud a /userinfo
2026-01-20 16:26:25 [info] 🔍 Ejecutando getOfferInfo()...
2026-01-20 16:26:25 [info] 📡 Iniciando getOfferInfo() para ANI: 3217463422
2026-01-20 16:26:25 [info] 🔍 Consultando impacto: 1
2026-01-20 16:26:25 [info] ✔️ Impacto 1 respondió en 501 ms
2026-01-20 16:26:25 [info] 🔍 Consultando impacto: 2
2026-01-20 16:26:25 [info] ✔️ Impacto 2 respondió en 103 ms
2026-01-20 16:26:25 [info] ✅ Impacto 2 encontrado, texto detectado
2026-01-20 16:26:25 [info] ⏳ Consultando opción, validation y cases en paralelo...
2026-01-20 16:26:26 [info] ✔️ Consultas paralelas completadas en 398 ms
2026-01-20 16:26:26 [info] 🏁 Finalizando getOfferInfo(). Impacto encontrado: 2
2026-01-20 16:26:26 [info] option recibido: "Ofrece Matriz de Retenci¿n"
2026-01-20 16:26:26 [info] ⚙️ Cargando datos adicionales porque contiene 'Matriz'
2026-01-20 16:26:26 [info] 📡 Iniciando consulta getFullEquipoData() a Power BI
2026-01-20 16:26:26 [info] ✔️ Power BI respondió en 105 ms
2026-01-20 16:26:26 [info] ✔️ Data formateada correctamente en getFullEquipoData
2026-01-20 16:26:26 [info] ✔️ getFullEquipoData() OK en 110 ms
2026-01-20 16:26:26 [info] 📡 Iniciando getOfferMatrixData() plan="Pospago 5.11 (744|7441)" value="69900"
2026-01-20 16:26:26 [info] ⏳ Consultando matriz y planDetails en paralelo...
2026-01-20 16:26:26 [info] ✔️ Consultas paralelas completadas en 320 ms
2026-01-20 16:26:26 [info] 🏁 Finalizando getOfferMatrixData() correctamente
2026-01-20 16:26:26 [info] ✔️ getOfferMatrixData() OK en 325 ms
2026-01-20 16:26:26 [info] 🎯 /userinfo completado en 1452 ms
2026-01-20 16:26:44 [info] 📥 Nueva solicitud a /userinfo
2026-01-20 16:26:44 [info] 🔍 Ejecutando getOfferInfo()...
2026-01-20 16:26:44 [info] 📡 Iniciando getOfferInfo() para ANI: 3217463422
2026-01-20 16:26:44 [info] 🔍 Consultando impacto: 1
2026-01-20 16:26:45 [info] ✔️ Impacto 1 respondió en 579 ms
2026-01-20 16:26:45 [info] 🔍 Consultando impacto: 2
2026-01-20 16:26:45 [info] ✔️ Impacto 2 respondió en 99 ms
2026-01-20 16:26:45 [info] ✅ Impacto 2 encontrado, texto detectado
2026-01-20 16:26:45 [info] ⏳ Consultando opción, validation y cases en paralelo...
2026-01-20 16:26:45 [info] ✔️ Consultas paralelas completadas en 407 ms
2026-01-20 16:26:45 [info] 🏁 Finalizando getOfferInfo(). Impacto encontrado: 2
2026-01-20 16:26:45 [info] option recibido: "Ofrece Matriz de Retenci¿n"
2026-01-20 16:26:45 [info] ⚙️ Cargando datos adicionales porque contiene 'Matriz'
2026-01-20 16:26:45 [info] 📡 Iniciando consulta getFullEquipoData() a Power BI
2026-01-20 16:26:46 [info] ✔️ Power BI respondió en 104 ms
2026-01-20 16:26:46 [info] ✔️ Data formateada correctamente en getFullEquipoData
2026-01-20 16:26:46 [info] ✔️ getFullEquipoData() OK en 115 ms
2026-01-20 16:26:46 [info] 📡 Iniciando getOfferMatrixData() plan="undefined (undefined|undefined1)" value="69900"
2026-01-20 16:26:46 [info] ⏳ Consultando matriz y planDetails en paralelo...
2026-01-20 16:26:46 [info] ✔️ Consultas paralelas completadas en 272 ms
2026-01-20 16:26:46 [error] TypeError: Cannot read properties of undefined (reading 'D0')
    at formatValueDicts (C:\Users\jcbotero\Documents\Emtelco-uniphore coflow\my-express-api\src\utilities\sortPlanDetails.js:4:17)
    at getOfferMatrixData (C:\Users\jcbotero\Documents\Emtelco-uniphore coflow\my-express-api\src\services\getOfferMatrixData.js:31:23)
    at process.processTicksAndRejections (node:internal/process/task_queues:95:5)
    at async getUserInfo (C:\Users\jcbotero\Documents\Emtelco-uniphore coflow\my-express-api\src\controllers\index.js:73:22)
2026-01-20 16:26:46 [info] ✔️ getOfferMatrixData() OK en 278 ms
2026-01-20 16:26:46 [info] 🎯 /userinfo completado en 1490 ms
2026-01-20 16:27:07 [info] 📥 Nueva solicitud a /userinfo
2026-01-20 16:27:07 [info] 🔍 Ejecutando getOfferInfo()...
2026-01-20 16:27:07 [info] 📡 Iniciando getOfferInfo() para ANI: 3217463422
2026-01-20 16:27:07 [info] 🔍 Consultando impacto: 1
2026-01-20 16:27:08 [info] ✔️ Impacto 1 respondió en 579 ms
2026-01-20 16:27:08 [info] 🔍 Consultando impacto: 2
2026-01-20 16:27:08 [info] ✔️ Impacto 2 respondió en 96 ms
2026-01-20 16:27:08 [info] ✅ Impacto 2 encontrado, texto detectado
2026-01-20 16:27:08 [info] ⏳ Consultando opción, validation y cases en paralelo...
2026-01-20 16:27:08 [info] ✔️ Consultas paralelas completadas en 403 ms
2026-01-20 16:27:08 [info] 🏁 Finalizando getOfferInfo(). Impacto encontrado: 2
2026-01-20 16:27:08 [info] option recibido: "Ofrece Matriz de Retenci¿n"
2026-01-20 16:27:08 [info] ⚙️ Cargando datos adicionales porque contiene 'Matriz'
2026-01-20 16:27:08 [info] 📡 Iniciando consulta getFullEquipoData() a Power BI
2026-01-20 16:27:08 [info] ✔️ Power BI respondió en 104 ms
2026-01-20 16:27:08 [info] ✔️ Data formateada correctamente en getFullEquipoData
2026-01-20 16:27:08 [info] ✔️ getFullEquipoData() OK en 111 ms
2026-01-20 16:27:08 [info] 📡 Iniciando getOfferMatrixData() plan="undefined (undefined|undefined1)" value="69900"
2026-01-20 16:27:08 [info] ⏳ Consultando matriz y planDetails en paralelo...
2026-01-20 16:27:08 [info] ✔️ Consultas paralelas completadas en 118 ms
2026-01-20 16:27:08 [error] TypeError: Cannot read properties of undefined (reading 'D0')
    at formatValueDicts (C:\Users\jcbotero\Documents\Emtelco-uniphore coflow\my-express-api\src\utilities\sortPlanDetails.js:4:17)
    at getOfferMatrixData (C:\Users\jcbotero\Documents\Emtelco-uniphore coflow\my-express-api\src\services\getOfferMatrixData.js:31:23)
    at process.processTicksAndRejections (node:internal/process/task_queues:95:5)
    at async getUserInfo (C:\Users\jcbotero\Documents\Emtelco-uniphore coflow\my-express-api\src\controllers\index.js:73:22)
2026-01-20 16:27:08 [info] ✔️ getOfferMatrixData() OK en 125 ms
2026-01-20 16:27:08 [info] 🎯 /userinfo completado en 1323 ms
2026-01-20 16:27:27 [info] 📥 Nueva solicitud a /userinfo
2026-01-20 16:27:27 [info] 🔍 Ejecutando getOfferInfo()...
2026-01-20 16:27:27 [info] 📡 Iniciando getOfferInfo() para ANI: 3217463422
2026-01-20 16:27:27 [info] 🔍 Consultando impacto: 1
2026-01-20 16:27:27 [info] ✔️ Impacto 1 respondió en 498 ms
2026-01-20 16:27:27 [info] 🔍 Consultando impacto: 2
2026-01-20 16:27:28 [info] ✔️ Impacto 2 respondió en 101 ms
2026-01-20 16:27:28 [info] ✅ Impacto 2 encontrado, texto detectado
2026-01-20 16:27:28 [info] ⏳ Consultando opción, validation y cases en paralelo...
2026-01-20 16:27:28 [info] ✔️ Consultas paralelas completadas en 416 ms
2026-01-20 16:27:28 [info] 🏁 Finalizando getOfferInfo(). Impacto encontrado: 2
2026-01-20 16:27:28 [info] option recibido: "Ofrece Matriz de Retenci¿n"
2026-01-20 16:27:28 [info] ⚙️ Cargando datos adicionales porque contiene 'Matriz'
2026-01-20 16:27:28 [info] 📡 Iniciando consulta getFullEquipoData() a Power BI
2026-01-20 16:27:28 [info] ✔️ Power BI respondió en 97 ms
2026-01-20 16:27:28 [info] ✔️ Data formateada correctamente en getFullEquipoData
2026-01-20 16:27:28 [info] ✔️ getFullEquipoData() OK en 99 ms
2026-01-20 16:27:28 [info] 📡 Iniciando getOfferMatrixData() plan="Pospago 5.11 (744|7441)" value="69900"
2026-01-20 16:27:28 [info] ⏳ Consultando matriz y planDetails en paralelo...
2026-01-20 16:27:28 [info] ✔️ Consultas paralelas completadas en 103 ms
2026-01-20 16:27:28 [info] 🏁 Finalizando getOfferMatrixData() correctamente
2026-01-20 16:27:28 [info] ✔️ getOfferMatrixData() OK en 107 ms
2026-01-20 16:27:28 [info] 🎯 /userinfo completado en 1237 ms
2026-01-21 13:46:14 [info] 📥 Nueva solicitud a /userinfo
2026-01-21 13:46:14 [info] 🔍 Ejecutando getOfferInfo()...
2026-01-21 13:46:14 [info] 📡 Iniciando getOfferInfo() para ANI: 3217463422
2026-01-21 13:46:14 [info] 🔍 Consultando impacto: 1
2026-01-21 13:46:15 [info] ✔️ Impacto 1 respondió en 667 ms
2026-01-21 13:46:15 [info] 🔍 Consultando impacto: 2
2026-01-21 13:46:15 [info] ✔️ Impacto 2 respondió en 104 ms
2026-01-21 13:46:15 [info] ✅ Impacto 2 encontrado, texto detectado
2026-01-21 13:46:15 [info] ⏳ Consultando opción, validation y cases en paralelo...
2026-01-21 13:46:15 [info] ✔️ Consultas paralelas completadas en 405 ms
2026-01-21 13:46:15 [info] 🏁 Finalizando getOfferInfo(). Impacto encontrado: 2
2026-01-21 13:46:15 [info] option recibido: "Ofrece Matriz de Retenci¿n"
2026-01-21 13:46:15 [info] ⚙️ Cargando datos adicionales porque contiene 'Matriz'
2026-01-21 13:46:15 [info] 📡 Iniciando consulta getFullEquipoData() a Power BI
2026-01-21 13:46:16 [info] ✔️ Power BI respondió en 105 ms
2026-01-21 13:46:16 [info] ✔️ Data formateada correctamente en getFullEquipoData
2026-01-21 13:46:16 [info] ✔️ getFullEquipoData() OK en 113 ms
2026-01-21 13:46:16 [info] 📡 Iniciando getOfferMatrixData() plan="Pospago 5.11 (744|7441)" value="69900"
2026-01-21 13:46:16 [info] ⏳ Consultando matriz y planDetails en paralelo...
2026-01-21 13:46:16 [info] ✔️ Consultas paralelas completadas en 325 ms
2026-01-21 13:46:16 [info] 🏁 Finalizando getOfferMatrixData() correctamente
2026-01-21 13:46:16 [info] ✔️ getOfferMatrixData() OK en 329 ms
2026-01-21 13:46:16 [info] 🎯 /userinfo completado en 1634 ms
2026-01-21 13:47:40 [info] 📥 Nueva solicitud a /userinfo
2026-01-21 13:47:40 [info] 🔍 Ejecutando getOfferInfo()...
2026-01-21 13:47:40 [info] 📡 Iniciando getOfferInfo() para ANI: 3217463422
2026-01-21 13:47:40 [info] 🔍 Consultando impacto: 1
2026-01-21 13:47:40 [info] ✔️ Impacto 1 respondió en 600 ms
2026-01-21 13:47:40 [info] 🔍 Consultando impacto: 2
2026-01-21 13:47:40 [info] ✔️ Impacto 2 respondió en 103 ms
2026-01-21 13:47:40 [info] ✅ Impacto 2 encontrado, texto detectado
2026-01-21 13:47:40 [info] ⏳ Consultando opción, validation y cases en paralelo...
2026-01-21 13:47:41 [info] ✔️ Consultas paralelas completadas en 406 ms
2026-01-21 13:47:41 [info] 🏁 Finalizando getOfferInfo(). Impacto encontrado: 2
2026-01-21 13:47:41 [info] option recibido: "Ofrece Matriz de Retenci¿n"
2026-01-21 13:47:41 [info] ⚙️ Cargando datos adicionales porque contiene 'Matriz'
2026-01-21 13:47:41 [info] 📡 Iniciando consulta getFullEquipoData() a Power BI
2026-01-21 13:47:41 [info] ✔️ Power BI respondió en 103 ms
2026-01-21 13:47:41 [info] ✔️ Data formateada correctamente en getFullEquipoData
2026-01-21 13:47:41 [info] ✔️ getFullEquipoData() OK en 111 ms
2026-01-21 13:47:41 [info] 📡 Iniciando getOfferMatrixData() plan="Pospago 5.11 (744|7441)" value="69900"
2026-01-21 13:47:41 [info] ⏳ Consultando matriz y planDetails en paralelo...
2026-01-21 13:47:41 [info] ✔️ Consultas paralelas completadas en 234 ms
2026-01-21 13:47:41 [info] 🏁 Finalizando getOfferMatrixData() correctamente
2026-01-21 13:47:41 [info] ✔️ getOfferMatrixData() OK en 240 ms
2026-01-21 13:47:41 [info] 🎯 /userinfo completado en 1473 ms
2026-01-21 13:49:27 [info] 📥 Nueva solicitud a /userinfo
2026-01-21 13:49:27 [info] 🔍 Ejecutando getOfferInfo()...
2026-01-21 13:49:27 [info] 📡 Iniciando getOfferInfo() para ANI: 3217463422
2026-01-21 13:49:27 [info] 🔍 Consultando impacto: 1
2026-01-21 13:49:27 [info] ✔️ Impacto 1 respondió en 692 ms
2026-01-21 13:49:27 [info] 🔍 Consultando impacto: 2
2026-01-21 13:49:27 [info] ✔️ Impacto 2 respondió en 100 ms
2026-01-21 13:49:27 [info] ✅ Impacto 2 encontrado, texto detectado
2026-01-21 13:49:27 [info] ⏳ Consultando opción, validation y cases en paralelo...
2026-01-21 13:49:28 [info] ✔️ Consultas paralelas completadas en 414 ms
2026-01-21 13:49:28 [info] 🏁 Finalizando getOfferInfo(). Impacto encontrado: 2
2026-01-21 13:49:28 [info] option recibido: "Ofrece Matriz de Retenci¿n"
2026-01-21 13:49:28 [info] ⚙️ Cargando datos adicionales porque contiene 'Matriz'
2026-01-21 13:49:28 [info] 📡 Iniciando consulta getFullEquipoData() a Power BI
2026-01-21 13:49:28 [info] ✔️ Power BI respondió en 105 ms
2026-01-21 13:49:28 [info] ✔️ Data formateada correctamente en getFullEquipoData
2026-01-21 13:49:28 [info] ✔️ getFullEquipoData() OK en 120 ms
2026-01-21 13:49:28 [info] 📡 Iniciando getOfferMatrixData() plan="Pospago 5.11 (744|7441)"
2026-01-21 13:49:28 [info] ⏳ Consultando matriz y planDetails en paralelo...
2026-01-21 13:49:28 [info] ✔️ Consultas paralelas completadas en 266 ms
2026-01-21 13:49:28 [info] 🏁 Finalizando getOfferMatrixData() correctamente
2026-01-21 13:49:28 [info] ✔️ getOfferMatrixData() OK en 280 ms
2026-01-21 13:49:28 [info] 🎯 /userinfo completado en 1623 ms
2026-01-21 13:51:35 [info] 📥 Nueva solicitud a /userinfo
2026-01-21 13:51:35 [info] 🔍 Ejecutando getOfferInfo()...
2026-01-21 13:51:35 [info] 📡 Iniciando getOfferInfo() para ANI: 3217463422
2026-01-21 13:51:35 [info] 🔍 Consultando impacto: 1
2026-01-21 13:51:35 [info] ✔️ Impacto 1 respondió en 511 ms
2026-01-21 13:51:35 [info] 🔍 Consultando impacto: 2
2026-01-21 13:51:35 [info] ✔️ Impacto 2 respondió en 106 ms
2026-01-21 13:51:35 [info] ✅ Impacto 2 encontrado, texto detectado
2026-01-21 13:51:35 [info] ⏳ Consultando opción, validation y cases en paralelo...
2026-01-21 13:51:36 [info] ✔️ Consultas paralelas completadas en 409 ms
2026-01-21 13:51:36 [info] 🏁 Finalizando getOfferInfo(). Impacto encontrado: 2
2026-01-21 13:51:36 [info] option recibido: "Ofrece Matriz de Retenci¿n"
2026-01-21 13:51:36 [info] ⚙️ Cargando datos adicionales porque contiene 'Matriz'
2026-01-21 13:51:36 [info] 📡 Iniciando consulta getFullEquipoData() a Power BI
2026-01-21 13:51:36 [info] ✔️ Power BI respondió en 102 ms
2026-01-21 13:51:36 [info] ✔️ Data formateada correctamente en getFullEquipoData
2026-01-21 13:51:36 [info] ✔️ getFullEquipoData() OK en 107 ms
2026-01-21 13:51:36 [info] 📡 Iniciando getOfferMatrixData() plan="Pospago Fidelizacion 5.0 Plus+ (745|7451)"
2026-01-21 13:51:36 [info] ⏳ Consultando matriz y planDetails en paralelo...
2026-01-21 13:51:36 [info] ✔️ Consultas paralelas completadas en 246 ms
2026-01-21 13:51:36 [error] TypeError: Cannot read properties of undefined (reading 'D0')
    at formatValueDicts (C:\Users\jcbotero\Documents\Emtelco-uniphore coflow\my-express-api\src\utilities\sortPlanDetails.js:4:17)
    at getOfferMatrixData (C:\Users\jcbotero\Documents\Emtelco-uniphore coflow\my-express-api\src\services\getOfferMatrixData.js:29:23)
    at process.processTicksAndRejections (node:internal/process/task_queues:95:5)
    at async getUserInfo (C:\Users\jcbotero\Documents\Emtelco-uniphore coflow\my-express-api\src\controllers\index.js:73:22)
2026-01-21 13:51:36 [info] ✔️ getOfferMatrixData() OK en 252 ms
2026-01-21 13:51:36 [info] 🎯 /userinfo completado en 1395 ms
2026-01-21 13:55:02 [info] 📥 Nueva solicitud a /userinfo
2026-01-21 13:55:02 [info] 🔍 Ejecutando getOfferInfo()...
2026-01-21 13:55:02 [info] 📡 Iniciando getOfferInfo() para ANI: 3217463422
2026-01-21 13:55:02 [info] 🔍 Consultando impacto: 1
2026-01-21 13:55:03 [info] ✔️ Impacto 1 respondió en 525 ms
2026-01-21 13:55:03 [info] 🔍 Consultando impacto: 2
2026-01-21 13:55:03 [info] ✔️ Impacto 2 respondió en 101 ms
2026-01-21 13:55:03 [info] ✅ Impacto 2 encontrado, texto detectado
2026-01-21 13:55:03 [info] ⏳ Consultando opción, validation y cases en paralelo...
2026-01-21 13:55:03 [info] ✔️ Consultas paralelas completadas en 413 ms
2026-01-21 13:55:03 [info] 🏁 Finalizando getOfferInfo(). Impacto encontrado: 2
2026-01-21 13:55:03 [info] option recibido: "Ofrece Matriz de Retenci¿n"
2026-01-21 13:55:03 [info] ⚙️ Cargando datos adicionales porque contiene 'Matriz'
2026-01-21 13:55:03 [info] 📡 Iniciando consulta getFullEquipoData() a Power BI
2026-01-21 13:55:03 [info] ✔️ Power BI respondió en 104 ms
2026-01-21 13:55:03 [info] ✔️ Data formateada correctamente en getFullEquipoData
2026-01-21 13:55:03 [info] ✔️ getFullEquipoData() OK en 106 ms
2026-01-21 13:55:03 [info] 📡 Iniciando getOfferMatrixData() plan="Pospago Fidelizacion 5.0 Plus+ (745|7451)"
2026-01-21 13:55:03 [info] ⏳ Consultando matriz y planDetails en paralelo...
2026-01-21 13:55:03 [info] ✔️ Consultas paralelas completadas en 102 ms
2026-01-21 13:55:03 [error] TypeError: Cannot read properties of undefined (reading 'D0')
    at formatValueDicts (C:\Users\jcbotero\Documents\Emtelco-uniphore coflow\my-express-api\src\utilities\sortPlanDetails.js:4:17)
    at getOfferMatrixData (C:\Users\jcbotero\Documents\Emtelco-uniphore coflow\my-express-api\src\services\getOfferMatrixData.js:29:23)
    at process.processTicksAndRejections (node:internal/process/task_queues:95:5)
    at async getUserInfo (C:\Users\jcbotero\Documents\Emtelco-uniphore coflow\my-express-api\src\controllers\index.js:73:22)
2026-01-21 13:55:03 [info] ✔️ getOfferMatrixData() OK en 106 ms
2026-01-21 13:55:03 [info] 🎯 /userinfo completado en 1264 ms
2026-01-21 14:00:08 [info] 📥 Nueva solicitud a /userinfo
2026-01-21 14:00:08 [info] 🔍 Ejecutando getOfferInfo()...
2026-01-21 14:00:08 [info] 📡 Iniciando getOfferInfo() para ANI: 3217463422
2026-01-21 14:00:08 [info] 🔍 Consultando impacto: 1
2026-01-21 14:00:09 [info] ✔️ Impacto 1 respondió en 494 ms
2026-01-21 14:00:09 [info] 🔍 Consultando impacto: 2
2026-01-21 14:00:09 [info] ✔️ Impacto 2 respondió en 106 ms
2026-01-21 14:00:09 [info] ✅ Impacto 2 encontrado, texto detectado
2026-01-21 14:00:09 [info] ⏳ Consultando opción, validation y cases en paralelo...
2026-01-21 14:00:09 [info] ✔️ Consultas paralelas completadas en 417 ms
2026-01-21 14:00:09 [info] 🏁 Finalizando getOfferInfo(). Impacto encontrado: 2
2026-01-21 14:00:09 [info] option recibido: "Ofrece Matriz de Retenci¿n"
2026-01-21 14:00:09 [info] ⚙️ Cargando datos adicionales porque contiene 'Matriz'
2026-01-21 14:00:09 [info] 📡 Iniciando consulta getFullEquipoData() a Power BI
2026-01-21 14:00:09 [info] ✔️ Power BI respondió en 101 ms
2026-01-21 14:00:09 [info] ✔️ Data formateada correctamente en getFullEquipoData
2026-01-21 14:00:09 [info] ✔️ getFullEquipoData() OK en 105 ms
2026-01-21 14:00:09 [info] 📡 Iniciando getOfferMatrixData() plan="Pospago 5.13 (750|7501)"
2026-01-21 14:00:09 [info] ⏳ Consultando matriz y planDetails en paralelo...
2026-01-21 14:00:10 [info] ✔️ Consultas paralelas completadas en 267 ms
2026-01-21 14:00:10 [error] TypeError: Cannot read properties of undefined (reading 'D0')
    at formatValueDicts (C:\Users\jcbotero\Documents\Emtelco-uniphore coflow\my-express-api\src\utilities\sortPlanDetails.js:4:17)
    at getOfferMatrixData (C:\Users\jcbotero\Documents\Emtelco-uniphore coflow\my-express-api\src\services\getOfferMatrixData.js:29:23)
    at process.processTicksAndRejections (node:internal/process/task_queues:95:5)
    at async getUserInfo (C:\Users\jcbotero\Documents\Emtelco-uniphore coflow\my-express-api\src\controllers\index.js:73:22)
2026-01-21 14:00:10 [info] ✔️ getOfferMatrixData() OK en 270 ms
2026-01-21 14:00:10 [info] 🎯 /userinfo completado en 1401 ms
2026-01-22 09:27:46 [info] 📥 Nueva solicitud a /userinfo
2026-01-22 09:27:46 [info] 🔍 Ejecutando getOfferInfo()...
2026-01-22 09:27:46 [info] 📡 Iniciando getOfferInfo() para ANI: 3217463422
2026-01-22 09:27:46 [info] 🔍 Consultando impacto: 1
2026-01-22 09:27:46 [info] ✔️ Impacto 1 respondió en 622 ms
2026-01-22 09:27:46 [info] 🔍 Consultando impacto: 2
2026-01-22 09:27:47 [info] ✔️ Impacto 2 respondió en 101 ms
2026-01-22 09:27:47 [info] ✅ Impacto 2 encontrado, texto detectado
2026-01-22 09:27:47 [info] ⏳ Consultando opción, validation y cases en paralelo...
2026-01-22 09:27:47 [info] ✔️ Consultas paralelas completadas en 391 ms
2026-01-22 09:27:47 [info] 🏁 Finalizando getOfferInfo(). Impacto encontrado: 2
2026-01-22 09:27:47 [info] option recibido: "Ofrece Matriz de Retenci¿n"
2026-01-22 09:27:47 [info] ⚙️ Cargando datos adicionales porque contiene 'Matriz'
2026-01-22 09:27:47 [info] 📡 Iniciando consulta getFullEquipoData() a Power BI
2026-01-22 09:27:47 [info] ✔️ Power BI respondió en 121 ms
2026-01-22 09:27:47 [info] ✔️ Data formateada correctamente en getFullEquipoData
2026-01-22 09:27:47 [info] ✔️ getFullEquipoData() OK en 131 ms
2026-01-22 09:27:47 [error] ❌ Falló getOfferMatrixData() planPowerBI is not defined
2026-01-22 09:27:47 [info] 🎯 /userinfo completado en 1255 ms
2026-01-22 09:28:23 [info] 📥 Nueva solicitud a /userinfo
2026-01-22 09:28:23 [info] 🔍 Ejecutando getOfferInfo()...
2026-01-22 09:28:23 [info] 📡 Iniciando getOfferInfo() para ANI: 3217463422
2026-01-22 09:28:23 [info] 🔍 Consultando impacto: 1
2026-01-22 09:28:24 [info] ✔️ Impacto 1 respondió en 586 ms
2026-01-22 09:28:24 [info] 🔍 Consultando impacto: 2
2026-01-22 09:28:24 [info] ✔️ Impacto 2 respondió en 99 ms
2026-01-22 09:28:24 [info] ✅ Impacto 2 encontrado, texto detectado
2026-01-22 09:28:24 [info] ⏳ Consultando opción, validation y cases en paralelo...
2026-01-22 09:28:24 [info] ✔️ Consultas paralelas completadas en 396 ms
2026-01-22 09:28:24 [info] 🏁 Finalizando getOfferInfo(). Impacto encontrado: 2
2026-01-22 09:28:24 [info] option recibido: "Ofrece Matriz de Retenci¿n"
2026-01-22 09:28:24 [info] ⚙️ Cargando datos adicionales porque contiene 'Matriz'
2026-01-22 09:28:24 [info] 📡 Iniciando consulta getFullEquipoData() a Power BI
2026-01-22 09:28:24 [info] ✔️ Power BI respondió en 104 ms
2026-01-22 09:28:24 [info] ✔️ Data formateada correctamente en getFullEquipoData
2026-01-22 09:28:24 [info] ✔️ getFullEquipoData() OK en 107 ms
2026-01-22 09:28:24 [info] 📡 Iniciando getOfferMatrixData() plan="[object Object]"
2026-01-22 09:28:24 [info] ⏳ Consultando matriz y planDetails en paralelo...
2026-01-22 09:28:24 [info] ✔️ Consultas paralelas completadas en 290 ms
2026-01-22 09:28:24 [error] TypeError: Cannot read properties of undefined (reading 'D0')
    at formatValueDicts (C:\Users\jcbotero\Documents\Emtelco-uniphore coflow\my-express-api\src\utilities\sortPlanDetails.js:4:17)
    at getOfferMatrixData (C:\Users\jcbotero\Documents\Emtelco-uniphore coflow\my-express-api\src\services\getOfferMatrixData.js:29:23)
    at process.processTicksAndRejections (node:internal/process/task_queues:95:5)
    at async getUserInfo (C:\Users\jcbotero\Documents\Emtelco-uniphore coflow\my-express-api\src\controllers\index.js:71:22)
2026-01-22 09:28:24 [info] ✔️ getOfferMatrixData() OK en 293 ms
2026-01-22 09:28:24 [info] 🎯 /userinfo completado en 1488 ms
2026-01-22 09:28:34 [info] 📥 Nueva solicitud a /userinfo
2026-01-22 09:28:34 [info] 🔍 Ejecutando getOfferInfo()...
2026-01-22 09:28:34 [info] 📡 Iniciando getOfferInfo() para ANI: 3217463422
2026-01-22 09:28:34 [info] 🔍 Consultando impacto: 1
2026-01-22 09:28:35 [info] ✔️ Impacto 1 respondió en 571 ms
2026-01-22 09:28:35 [info] 🔍 Consultando impacto: 2
2026-01-22 09:28:35 [info] ✔️ Impacto 2 respondió en 96 ms
2026-01-22 09:28:35 [info] ✅ Impacto 2 encontrado, texto detectado
2026-01-22 09:28:35 [info] ⏳ Consultando opción, validation y cases en paralelo...
2026-01-22 09:28:35 [info] ✔️ Consultas paralelas completadas en 386 ms
2026-01-22 09:28:35 [info] 🏁 Finalizando getOfferInfo(). Impacto encontrado: 2
2026-01-22 09:28:35 [info] option recibido: "Ofrece Matriz de Retenci¿n"
2026-01-22 09:28:35 [info] ⚙️ Cargando datos adicionales porque contiene 'Matriz'
2026-01-22 09:28:35 [info] 📡 Iniciando consulta getFullEquipoData() a Power BI
2026-01-22 09:28:35 [info] ✔️ Power BI respondió en 99 ms
2026-01-22 09:28:35 [info] ✔️ Data formateada correctamente en getFullEquipoData
2026-01-22 09:28:35 [info] ✔️ getFullEquipoData() OK en 107 ms
2026-01-22 09:28:35 [info] 📡 Iniciando getOfferMatrixData() plan="[object Object]"
2026-01-22 09:28:35 [info] ⏳ Consultando matriz y planDetails en paralelo...
2026-01-22 09:28:36 [info] ✔️ Consultas paralelas completadas en 102 ms
2026-01-22 09:28:36 [error] TypeError: Cannot read properties of undefined (reading 'D0')
    at formatValueDicts (C:\Users\jcbotero\Documents\Emtelco-uniphore coflow\my-express-api\src\utilities\sortPlanDetails.js:4:17)
    at getOfferMatrixData (C:\Users\jcbotero\Documents\Emtelco-uniphore coflow\my-express-api\src\services\getOfferMatrixData.js:29:23)
    at process.processTicksAndRejections (node:internal/process/task_queues:95:5)
    at async getUserInfo (C:\Users\jcbotero\Documents\Emtelco-uniphore coflow\my-express-api\src\controllers\index.js:72:22)
2026-01-22 09:28:36 [info] ✔️ getOfferMatrixData() OK en 106 ms
2026-01-22 09:28:36 [info] 🎯 /userinfo completado en 1274 ms
2026-01-22 09:29:11 [info] 📥 Nueva solicitud a /userinfo
2026-01-22 09:29:11 [info] 🔍 Ejecutando getOfferInfo()...
2026-01-22 09:29:11 [info] 📡 Iniciando getOfferInfo() para ANI: 3217463422
2026-01-22 09:29:11 [info] 🔍 Consultando impacto: 1
2026-01-22 09:29:11 [info] ✔️ Impacto 1 respondió en 579 ms
2026-01-22 09:29:11 [info] 🔍 Consultando impacto: 2
2026-01-22 09:29:11 [info] ✔️ Impacto 2 respondió en 99 ms
2026-01-22 09:29:11 [info] ✅ Impacto 2 encontrado, texto detectado
2026-01-22 09:29:11 [info] ⏳ Consultando opción, validation y cases en paralelo...
2026-01-22 09:29:12 [info] ✔️ Consultas paralelas completadas en 397 ms
2026-01-22 09:29:12 [info] 🏁 Finalizando getOfferInfo(). Impacto encontrado: 2
2026-01-22 09:29:12 [info] option recibido: "Ofrece Matriz de Retenci¿n"
2026-01-22 09:29:12 [info] ⚙️ Cargando datos adicionales porque contiene 'Matriz'
2026-01-22 09:29:12 [info] 📡 Iniciando consulta getFullEquipoData() a Power BI
2026-01-22 09:29:12 [info] ✔️ Power BI respondió en 100 ms
2026-01-22 09:29:12 [info] ✔️ Data formateada correctamente en getFullEquipoData
2026-01-22 09:29:12 [info] ✔️ getFullEquipoData() OK en 103 ms
2026-01-22 09:29:12 [info] 📡 Iniciando getOfferMatrixData() plan="Pospago 5.13 (750|7501)"
2026-01-22 09:29:12 [info] ⏳ Consultando matriz y planDetails en paralelo...
2026-01-22 09:29:12 [info] ✔️ Consultas paralelas completadas en 210 ms
2026-01-22 09:29:12 [error] TypeError: Cannot read properties of undefined (reading 'D0')
    at formatValueDicts (C:\Users\jcbotero\Documents\Emtelco-uniphore coflow\my-express-api\src\utilities\sortPlanDetails.js:4:17)
    at getOfferMatrixData (C:\Users\jcbotero\Documents\Emtelco-uniphore coflow\my-express-api\src\services\getOfferMatrixData.js:29:23)
    at process.processTicksAndRejections (node:internal/process/task_queues:95:5)
    at async getUserInfo (C:\Users\jcbotero\Documents\Emtelco-uniphore coflow\my-express-api\src\controllers\index.js:72:22)
2026-01-22 09:29:12 [info] ✔️ getOfferMatrixData() OK en 214 ms
2026-01-22 09:29:12 [info] 🎯 /userinfo completado en 1398 ms
2026-01-22 09:29:34 [info] 📥 Nueva solicitud a /userinfo
2026-01-22 09:29:34 [info] 🔍 Ejecutando getOfferInfo()...
2026-01-22 09:29:34 [info] 📡 Iniciando getOfferInfo() para ANI: 3217463422
2026-01-22 09:29:34 [info] 🔍 Consultando impacto: 1
2026-01-22 09:29:35 [info] ✔️ Impacto 1 respondió en 578 ms
2026-01-22 09:29:35 [info] 🔍 Consultando impacto: 2
2026-01-22 09:29:35 [info] ✔️ Impacto 2 respondió en 99 ms
2026-01-22 09:29:35 [info] ✅ Impacto 2 encontrado, texto detectado
2026-01-22 09:29:35 [info] ⏳ Consultando opción, validation y cases en paralelo...
2026-01-22 09:29:35 [info] ✔️ Consultas paralelas completadas en 407 ms
2026-01-22 09:29:35 [info] 🏁 Finalizando getOfferInfo(). Impacto encontrado: 2
2026-01-22 09:29:35 [info] option recibido: "Ofrece Matriz de Retenci¿n"
2026-01-22 09:29:35 [info] ⚙️ Cargando datos adicionales porque contiene 'Matriz'
2026-01-22 09:29:35 [info] 📡 Iniciando consulta getFullEquipoData() a Power BI
2026-01-22 09:29:35 [info] ✔️ Power BI respondió en 101 ms
2026-01-22 09:29:35 [info] ✔️ Data formateada correctamente en getFullEquipoData
2026-01-22 09:29:35 [info] ✔️ getFullEquipoData() OK en 105 ms
2026-01-22 09:29:35 [info] 📡 Iniciando getOfferMatrixData() plan="Pospago 5.13 (750|7501)"
2026-01-22 09:29:35 [info] ⏳ Consultando matriz y planDetails en paralelo...
2026-01-22 09:29:35 [info] ✔️ Consultas paralelas completadas en 99 ms
2026-01-22 09:29:35 [error] TypeError: Cannot read properties of undefined (reading 'D0')
    at formatValueDicts (C:\Users\jcbotero\Documents\Emtelco-uniphore coflow\my-express-api\src\utilities\sortPlanDetails.js:4:17)
    at getOfferMatrixData (C:\Users\jcbotero\Documents\Emtelco-uniphore coflow\my-express-api\src\services\getOfferMatrixData.js:29:23)
    at process.processTicksAndRejections (node:internal/process/task_queues:95:5)
    at async getUserInfo (C:\Users\jcbotero\Documents\Emtelco-uniphore coflow\my-express-api\src\controllers\index.js:72:22)
2026-01-22 09:29:35 [info] ✔️ getOfferMatrixData() OK en 102 ms
2026-01-22 09:29:35 [info] 🎯 /userinfo completado en 1301 ms
2026-01-22 09:30:34 [info] 📥 Nueva solicitud a /userinfo
2026-01-22 09:30:34 [info] 🔍 Ejecutando getOfferInfo()...
2026-01-22 09:30:34 [info] 📡 Iniciando getOfferInfo() para ANI: 3217463422
2026-01-22 09:30:34 [info] 🔍 Consultando impacto: 1
2026-01-22 09:30:34 [info] ✔️ Impacto 1 respondió en 498 ms
2026-01-22 09:30:34 [info] 🔍 Consultando impacto: 2
2026-01-22 09:30:34 [info] ✔️ Impacto 2 respondió en 95 ms
2026-01-22 09:30:34 [info] ✅ Impacto 2 encontrado, texto detectado
2026-01-22 09:30:34 [info] ⏳ Consultando opción, validation y cases en paralelo...
2026-01-22 09:30:35 [info] ✔️ Consultas paralelas completadas en 399 ms
2026-01-22 09:30:35 [info] 🏁 Finalizando getOfferInfo(). Impacto encontrado: 2
2026-01-22 09:30:35 [info] option recibido: "Ofrece Matriz de Retenci¿n"
2026-01-22 09:30:35 [info] ⚙️ Cargando datos adicionales porque contiene 'Matriz'
2026-01-22 09:30:35 [info] 📡 Iniciando consulta getFullEquipoData() a Power BI
2026-01-22 09:30:35 [info] ✔️ Power BI respondió en 99 ms
2026-01-22 09:30:35 [info] ✔️ Data formateada correctamente en getFullEquipoData
2026-01-22 09:30:35 [info] ✔️ getFullEquipoData() OK en 103 ms
2026-01-22 09:30:35 [info] 📡 Iniciando getOfferMatrixData() plan="Pospago 5.11 (744|7441)"
2026-01-22 09:30:35 [info] ⏳ Consultando matriz y planDetails en paralelo...
2026-01-22 09:30:35 [info] ✔️ Consultas paralelas completadas en 348 ms
2026-01-22 09:30:35 [info] 🏁 Finalizando getOfferMatrixData() correctamente
2026-01-22 09:30:35 [info] ✔️ getOfferMatrixData() OK en 351 ms
2026-01-22 09:30:35 [info] 🎯 /userinfo completado en 1450 ms
2026-01-22 09:33:02 [info] 📥 Nueva solicitud a /userinfo
2026-01-22 09:33:02 [info] 🔍 Ejecutando getOfferInfo()...
2026-01-22 09:33:02 [info] 📡 Iniciando getOfferInfo() para ANI: 3217463422
2026-01-22 09:33:02 [info] 🔍 Consultando impacto: 1
2026-01-22 09:33:02 [info] ✔️ Impacto 1 respondió en 607 ms
2026-01-22 09:33:02 [info] 🔍 Consultando impacto: 2
2026-01-22 09:33:02 [info] ✔️ Impacto 2 respondió en 100 ms
2026-01-22 09:33:02 [info] ✅ Impacto 2 encontrado, texto detectado
2026-01-22 09:33:02 [info] ⏳ Consultando opción, validation y cases en paralelo...
2026-01-22 09:33:03 [info] ✔️ Consultas paralelas completadas en 403 ms
2026-01-22 09:33:03 [info] 🏁 Finalizando getOfferInfo(). Impacto encontrado: 2
2026-01-22 09:33:03 [info] option recibido: "Ofrece Matriz de Retenci¿n"
2026-01-22 09:33:03 [info] ⚙️ Cargando datos adicionales porque contiene 'Matriz'
2026-01-22 09:33:03 [info] 📡 Iniciando consulta getFullEquipoData() a Power BI
2026-01-22 09:33:03 [info] ✔️ Power BI respondió en 105 ms
2026-01-22 09:33:03 [info] ✔️ Data formateada correctamente en getFullEquipoData
2026-01-22 09:33:03 [info] ✔️ getFullEquipoData() OK en 113 ms
2026-01-22 09:33:03 [error] ❌ Falló getOfferMatrixData() Cannot read properties of null (reading 'planPowerBI')
2026-01-22 09:33:03 [info] 🎯 /userinfo completado en 1234 ms
2026-01-22 09:33:36 [info] 📥 Nueva solicitud a /userinfo
2026-01-22 09:33:36 [info] 🔍 Ejecutando getOfferInfo()...
2026-01-22 09:33:36 [info] 📡 Iniciando getOfferInfo() para ANI: 3217463422
2026-01-22 09:33:36 [info] 🔍 Consultando impacto: 1
2026-01-22 09:33:36 [info] ✔️ Impacto 1 respondió en 515 ms
2026-01-22 09:33:36 [info] 🔍 Consultando impacto: 2
2026-01-22 09:33:37 [info] ✔️ Impacto 2 respondió en 101 ms
2026-01-22 09:33:37 [info] ✅ Impacto 2 encontrado, texto detectado
2026-01-22 09:33:37 [info] ⏳ Consultando opción, validation y cases en paralelo...
2026-01-22 09:33:37 [info] ✔️ Consultas paralelas completadas en 405 ms
2026-01-22 09:33:37 [info] 🏁 Finalizando getOfferInfo(). Impacto encontrado: 2
2026-01-22 09:33:37 [info] option recibido: "Ofrece Matriz de Retenci¿n"
2026-01-22 09:33:37 [info] ⚙️ Cargando datos adicionales porque contiene 'Matriz'
2026-01-22 09:33:37 [info] 📡 Iniciando consulta getFullEquipoData() a Power BI
2026-01-22 09:33:37 [info] ✔️ Power BI respondió en 98 ms
2026-01-22 09:33:37 [info] ✔️ Data formateada correctamente en getFullEquipoData
2026-01-22 09:33:37 [info] ✔️ getFullEquipoData() OK en 101 ms
2026-01-22 09:33:37 [error] ❌ Falló getOfferMatrixData() Cannot read properties of null (reading 'planPowerBI')
2026-01-22 09:33:37 [info] 🎯 /userinfo completado en 1130 ms
2026-01-22 09:35:37 [info] 📥 Nueva solicitud a /userinfo
2026-01-22 09:35:37 [info] 🔍 Ejecutando getOfferInfo()...
2026-01-22 09:35:37 [info] 📡 Iniciando getOfferInfo() para ANI: 3217463422
2026-01-22 09:35:37 [info] 🔍 Consultando impacto: 1
2026-01-22 09:35:37 [info] ✔️ Impacto 1 respondió en 576 ms
2026-01-22 09:35:37 [info] 🔍 Consultando impacto: 2
2026-01-22 09:35:37 [info] ✔️ Impacto 2 respondió en 100 ms
2026-01-22 09:35:37 [info] ✅ Impacto 2 encontrado, texto detectado
2026-01-22 09:35:37 [info] ⏳ Consultando opción, validation y cases en paralelo...
2026-01-22 09:35:38 [info] ✔️ Consultas paralelas completadas en 403 ms
2026-01-22 09:35:38 [info] 🏁 Finalizando getOfferInfo(). Impacto encontrado: 2
2026-01-22 09:35:38 [info] option recibido: "Ofrece Matriz de Retenci¿n"
2026-01-22 09:35:38 [info] ⚙️ Cargando datos adicionales porque contiene 'Matriz'
2026-01-22 09:35:38 [info] 📡 Iniciando consulta getFullEquipoData() a Power BI
2026-01-22 09:35:38 [info] ✔️ Power BI respondió en 100 ms
2026-01-22 09:35:38 [info] ✔️ Data formateada correctamente en getFullEquipoData
2026-01-22 09:35:38 [info] ✔️ getFullEquipoData() OK en 106 ms
2026-01-22 09:35:38 [info] 📡 Iniciando getOfferMatrixData() plan="Pospago 5.13 Seg (753|7531)"
2026-01-22 09:35:38 [info] ⏳ Consultando matriz y planDetails en paralelo...
2026-01-22 09:35:39 [info] ✔️ Consultas paralelas completadas en 708 ms
2026-01-22 09:35:39 [info] 🏁 Finalizando getOfferMatrixData() correctamente
2026-01-22 09:35:39 [info] ✔️ getOfferMatrixData() OK en 712 ms
2026-01-22 09:35:39 [info] 🎯 /userinfo completado en 1906 ms
2026-01-22 09:37:35 [info] 📥 Nueva solicitud a /userinfo
2026-01-22 09:37:35 [info] 🔍 Ejecutando getOfferInfo()...
2026-01-22 09:37:35 [info] 📡 Iniciando getOfferInfo() para ANI: 3217463422
2026-01-22 09:37:35 [info] 🔍 Consultando impacto: 1
2026-01-22 09:37:35 [info] ✔️ Impacto 1 respondió en 560 ms
2026-01-22 09:37:35 [info] 🔍 Consultando impacto: 2
2026-01-22 09:37:35 [info] ✔️ Impacto 2 respondió en 98 ms
2026-01-22 09:37:35 [info] ✅ Impacto 2 encontrado, texto detectado
2026-01-22 09:37:35 [info] ⏳ Consultando opción, validation y cases en paralelo...
2026-01-22 09:37:36 [info] ✔️ Consultas paralelas completadas en 406 ms
2026-01-22 09:37:36 [info] 🏁 Finalizando getOfferInfo(). Impacto encontrado: 2
2026-01-22 09:37:36 [info] option recibido: "Ofrece Matriz de Retenci¿n"
2026-01-22 09:37:36 [info] ⚙️ Cargando datos adicionales porque contiene 'Matriz'
2026-01-22 09:37:36 [info] 📡 Iniciando consulta getFullEquipoData() a Power BI
2026-01-22 09:37:36 [info] ✔️ Power BI respondió en 104 ms
2026-01-22 09:37:36 [info] ✔️ Data formateada correctamente en getFullEquipoData
2026-01-22 09:37:36 [info] ✔️ getFullEquipoData() OK en 111 ms
2026-01-22 09:37:36 [error] ❌ Falló getOfferMatrixData() plan is not defined
2026-01-22 09:37:36 [info] 🎯 /userinfo completado en 1185 ms
2026-01-22 09:37:56 [info] 📥 Nueva solicitud a /userinfo
2026-01-22 09:37:56 [info] 🔍 Ejecutando getOfferInfo()...
2026-01-22 09:37:56 [info] 📡 Iniciando getOfferInfo() para ANI: 3217463422
2026-01-22 09:37:56 [info] 🔍 Consultando impacto: 1
2026-01-22 09:37:56 [info] ✔️ Impacto 1 respondió en 543 ms
2026-01-22 09:37:56 [info] 🔍 Consultando impacto: 2
2026-01-22 09:37:56 [info] ✔️ Impacto 2 respondió en 99 ms
2026-01-22 09:37:56 [info] ✅ Impacto 2 encontrado, texto detectado
2026-01-22 09:37:56 [info] ⏳ Consultando opción, validation y cases en paralelo...
2026-01-22 09:37:57 [info] ✔️ Consultas paralelas completadas en 407 ms
2026-01-22 09:37:57 [info] 🏁 Finalizando getOfferInfo(). Impacto encontrado: 2
2026-01-22 09:37:57 [info] option recibido: "Ofrece Matriz de Retenci¿n"
2026-01-22 09:37:57 [info] ⚙️ Cargando datos adicionales porque contiene 'Matriz'
2026-01-22 09:37:57 [info] 📡 Iniciando consulta getFullEquipoData() a Power BI
2026-01-22 09:37:57 [info] ✔️ Power BI respondió en 100 ms
2026-01-22 09:37:57 [info] ✔️ Data formateada correctamente en getFullEquipoData
2026-01-22 09:37:57 [info] ✔️ getFullEquipoData() OK en 104 ms
2026-01-22 09:37:57 [error] ❌ Falló getOfferMatrixData() plan is not defined
2026-01-22 09:37:57 [info] 🎯 /userinfo completado en 1161 ms
2026-01-22 09:38:19 [info] 📥 Nueva solicitud a /userinfo
2026-01-22 09:38:19 [info] 🔍 Ejecutando getOfferInfo()...
2026-01-22 09:38:19 [info] 📡 Iniciando getOfferInfo() para ANI: 3217463422
2026-01-22 09:38:19 [info] 🔍 Consultando impacto: 1
2026-01-22 09:38:20 [info] ✔️ Impacto 1 respondió en 569 ms
2026-01-22 09:38:20 [info] 🔍 Consultando impacto: 2
2026-01-22 09:38:20 [info] ✔️ Impacto 2 respondió en 96 ms
2026-01-22 09:38:20 [info] ✅ Impacto 2 encontrado, texto detectado
2026-01-22 09:38:20 [info] ⏳ Consultando opción, validation y cases en paralelo...
2026-01-22 09:38:21 [info] ✔️ Consultas paralelas completadas en 461 ms
2026-01-22 09:38:21 [info] 🏁 Finalizando getOfferInfo(). Impacto encontrado: 2
2026-01-22 09:38:21 [info] option recibido: "Ofrece Matriz de Retenci¿n"
2026-01-22 09:38:21 [info] ⚙️ Cargando datos adicionales porque contiene 'Matriz'
2026-01-22 09:38:21 [info] 📡 Iniciando consulta getFullEquipoData() a Power BI
2026-01-22 09:38:21 [info] ✔️ Power BI respondió en 105 ms
2026-01-22 09:38:21 [info] ✔️ Data formateada correctamente en getFullEquipoData
2026-01-22 09:38:21 [info] ✔️ getFullEquipoData() OK en 114 ms
2026-01-22 09:38:21 [info] 📡 Iniciando getOfferMatrixData() plan="Pospago 5.13 Seg (753|7531)"
2026-01-22 09:38:21 [info] ⏳ Consultando matriz y planDetails en paralelo...
2026-01-22 09:38:21 [info] ✔️ Consultas paralelas completadas en 108 ms
2026-01-22 09:38:21 [info] 🏁 Finalizando getOfferMatrixData() correctamente
2026-01-22 09:38:21 [info] ✔️ getOfferMatrixData() OK en 113 ms
2026-01-22 09:38:21 [info] 🎯 /userinfo completado en 1360 ms
2026-01-22 09:38:39 [info] 📥 Nueva solicitud a /userinfo
2026-01-22 09:38:39 [info] 🔍 Ejecutando getOfferInfo()...
2026-01-22 09:38:39 [info] 📡 Iniciando getOfferInfo() para ANI: 3217463422
2026-01-22 09:38:39 [info] 🔍 Consultando impacto: 1
2026-01-22 09:38:39 [info] ✔️ Impacto 1 respondió en 491 ms
2026-01-22 09:38:39 [info] 🔍 Consultando impacto: 2
2026-01-22 09:38:39 [info] ✔️ Impacto 2 respondió en 99 ms
2026-01-22 09:38:39 [info] ✅ Impacto 2 encontrado, texto detectado
2026-01-22 09:38:39 [info] ⏳ Consultando opción, validation y cases en paralelo...
2026-01-22 09:38:40 [info] ✔️ Consultas paralelas completadas en 398 ms
2026-01-22 09:38:40 [info] 🏁 Finalizando getOfferInfo(). Impacto encontrado: 2
2026-01-22 09:38:40 [info] option recibido: "Ofrece Matriz de Retenci¿n"
2026-01-22 09:38:40 [info] ⚙️ Cargando datos adicionales porque contiene 'Matriz'
2026-01-22 09:38:40 [info] 📡 Iniciando consulta getFullEquipoData() a Power BI
2026-01-22 09:38:40 [info] ✔️ Power BI respondió en 99 ms
2026-01-22 09:38:40 [info] ✔️ Data formateada correctamente en getFullEquipoData
2026-01-22 09:38:40 [info] ✔️ getFullEquipoData() OK en 101 ms
2026-01-22 09:38:40 [info] 📡 Iniciando getOfferMatrixData() plan="undefined"
2026-01-22 09:38:40 [info] ⏳ Consultando matriz y planDetails en paralelo...
2026-01-22 09:38:40 [info] ✔️ Consultas paralelas completadas en 284 ms
2026-01-22 09:38:40 [error] TypeError: Cannot read properties of undefined (reading 'D0')
    at formatValueDicts (C:\Users\jcbotero\Documents\Emtelco-uniphore coflow\my-express-api\src\utilities\sortPlanDetails.js:4:17)
    at getOfferMatrixData (C:\Users\jcbotero\Documents\Emtelco-uniphore coflow\my-express-api\src\services\getOfferMatrixData.js:29:23)
    at process.processTicksAndRejections (node:internal/process/task_queues:95:5)
    at async getUserInfo (C:\Users\jcbotero\Documents\Emtelco-uniphore coflow\my-express-api\src\controllers\index.js:72:22)
2026-01-22 09:38:40 [info] ✔️ getOfferMatrixData() OK en 287 ms
2026-01-22 09:38:40 [info] 🎯 /userinfo completado en 1381 ms
2026-01-22 09:39:09 [info] 📥 Nueva solicitud a /userinfo
2026-01-22 09:39:09 [info] 🔍 Ejecutando getOfferInfo()...
2026-01-22 09:39:09 [info] 📡 Iniciando getOfferInfo() para ANI: 3217463422
2026-01-22 09:39:09 [info] 🔍 Consultando impacto: 1
2026-01-22 09:39:10 [info] ✔️ Impacto 1 respondió en 576 ms
2026-01-22 09:39:10 [info] 🔍 Consultando impacto: 2
2026-01-22 09:39:10 [info] ✔️ Impacto 2 respondió en 100 ms
2026-01-22 09:39:10 [info] ✅ Impacto 2 encontrado, texto detectado
2026-01-22 09:39:10 [info] ⏳ Consultando opción, validation y cases en paralelo...
2026-01-22 09:39:10 [info] ✔️ Consultas paralelas completadas en 394 ms
2026-01-22 09:39:10 [info] 🏁 Finalizando getOfferInfo(). Impacto encontrado: 2
2026-01-22 09:39:10 [info] option recibido: "Ofrece Matriz de Retenci¿n"
2026-01-22 09:39:10 [info] ⚙️ Cargando datos adicionales porque contiene 'Matriz'
2026-01-22 09:39:10 [info] 📡 Iniciando consulta getFullEquipoData() a Power BI
2026-01-22 09:39:10 [info] ✔️ Power BI respondió en 98 ms
2026-01-22 09:39:10 [info] ✔️ Data formateada correctamente en getFullEquipoData
2026-01-22 09:39:10 [info] ✔️ getFullEquipoData() OK en 105 ms
2026-01-22 09:39:10 [info] 📡 Iniciando getOfferMatrixData() plan="undefined"
2026-01-22 09:39:10 [info] ⏳ Consultando matriz y planDetails en paralelo...
2026-01-22 09:39:10 [info] ✔️ Consultas paralelas completadas en 102 ms
2026-01-22 09:39:10 [error] TypeError: Cannot read properties of undefined (reading 'D0')
    at formatValueDicts (C:\Users\jcbotero\Documents\Emtelco-uniphore coflow\my-express-api\src\utilities\sortPlanDetails.js:4:17)
    at getOfferMatrixData (C:\Users\jcbotero\Documents\Emtelco-uniphore coflow\my-express-api\src\services\getOfferMatrixData.js:29:23)
    at process.processTicksAndRejections (node:internal/process/task_queues:95:5)
    at async getUserInfo (C:\Users\jcbotero\Documents\Emtelco-uniphore coflow\my-express-api\src\controllers\index.js:72:22)
2026-01-22 09:39:10 [info] ✔️ getOfferMatrixData() OK en 105 ms
2026-01-22 09:39:10 [info] 🎯 /userinfo completado en 1290 ms
2026-01-22 09:40:57 [info] 📥 Nueva solicitud a /userinfo
2026-01-22 09:40:57 [info] 🔍 Ejecutando getOfferInfo()...
2026-01-22 09:40:57 [info] 📡 Iniciando getOfferInfo() para ANI: 3217463422
2026-01-22 09:40:57 [info] 🔍 Consultando impacto: 1
2026-01-22 09:40:57 [info] ✔️ Impacto 1 respondió en 578 ms
2026-01-22 09:40:57 [info] 🔍 Consultando impacto: 2
2026-01-22 09:40:57 [info] ✔️ Impacto 2 respondió en 102 ms
2026-01-22 09:40:57 [info] ✅ Impacto 2 encontrado, texto detectado
2026-01-22 09:40:57 [info] ⏳ Consultando opción, validation y cases en paralelo...
2026-01-22 09:40:58 [info] ✔️ Consultas paralelas completadas en 420 ms
2026-01-22 09:40:58 [info] 🏁 Finalizando getOfferInfo(). Impacto encontrado: 2
2026-01-22 09:40:58 [info] option recibido: "Ofrece Matriz de Retenci¿n"
2026-01-22 09:40:58 [info] ⚙️ Cargando datos adicionales porque contiene 'Matriz'
2026-01-22 09:40:58 [info] 📡 Iniciando consulta getFullEquipoData() a Power BI
2026-01-22 09:40:58 [info] ✔️ Power BI respondió en 107 ms
2026-01-22 09:40:58 [info] ✔️ Data formateada correctamente en getFullEquipoData
2026-01-22 09:40:58 [info] ✔️ getFullEquipoData() OK en 117 ms
2026-01-22 09:40:58 [info] 📡 Iniciando getOfferMatrixData() plan="Pospago 5.13 (750 No Aumento tarifario|7501 - Aplica aumento tarifario)"
2026-01-22 09:40:58 [info] ⏳ Consultando matriz y planDetails en paralelo...
2026-01-22 09:40:58 [info] ✔️ Consultas paralelas completadas en 230 ms
2026-01-22 09:40:58 [info] 🏁 Finalizando getOfferMatrixData() correctamente
2026-01-22 09:40:58 [info] ✔️ getOfferMatrixData() OK en 235 ms
2026-01-22 09:40:58 [info] 🎯 /userinfo completado en 1466 ms
2026-01-22 09:46:30 [info] 📥 Nueva solicitud a /userinfo
2026-01-22 09:46:30 [info] 🔍 Ejecutando getOfferInfo()...
2026-01-22 09:46:30 [info] 📡 Iniciando getOfferInfo() para ANI: 3217463422
2026-01-22 09:46:30 [info] 🔍 Consultando impacto: 1
2026-01-22 09:46:31 [info] ✔️ Impacto 1 respondió en 588 ms
2026-01-22 09:46:31 [info] 🔍 Consultando impacto: 2
2026-01-22 09:46:31 [info] ✔️ Impacto 2 respondió en 99 ms
2026-01-22 09:46:31 [info] ✅ Impacto 2 encontrado, texto detectado
2026-01-22 09:46:31 [info] ⏳ Consultando opción, validation y cases en paralelo...
2026-01-22 09:46:31 [info] ✔️ Consultas paralelas completadas en 399 ms
2026-01-22 09:46:31 [info] 🏁 Finalizando getOfferInfo(). Impacto encontrado: 2
2026-01-22 09:46:31 [info] option recibido: "Ofrece Matriz de Retenci¿n"
2026-01-22 09:46:31 [info] ⚙️ Cargando datos adicionales porque contiene 'Matriz'
2026-01-22 09:46:31 [info] 📡 Iniciando consulta getFullEquipoData() a Power BI
2026-01-22 09:46:31 [info] ✔️ Power BI respondió en 103 ms
2026-01-22 09:46:31 [info] ✔️ Data formateada correctamente en getFullEquipoData
2026-01-22 09:46:31 [info] ✔️ getFullEquipoData() OK en 113 ms
2026-01-22 09:46:31 [info] 📡 Iniciando getOfferMatrixData() plan="Pospago Fidelizacion 5.0 (742|7421)
Pospago Fidelizacion 5.0_V2 (766|7661)"
2026-01-22 09:46:31 [info] ⏳ Consultando matriz y planDetails en paralelo...
2026-01-22 09:46:31 [info] ✔️ Consultas paralelas completadas en 235 ms
2026-01-22 09:46:31 [info] 🏁 Finalizando getOfferMatrixData() correctamente
2026-01-22 09:46:31 [info] ✔️ getOfferMatrixData() OK en 241 ms
2026-01-22 09:46:31 [info] 🎯 /userinfo completado en 1451 ms
2026-01-22 09:51:38 [info] 📥 Nueva solicitud a /userinfo
2026-01-22 09:51:38 [info] 🔍 Ejecutando getOfferInfo()...
2026-01-22 09:51:38 [info] 📡 Iniciando getOfferInfo() para ANI: 3217463422
2026-01-22 09:51:38 [info] 🔍 Consultando impacto: 1
2026-01-22 09:51:39 [info] ✔️ Impacto 1 respondió en 650 ms
2026-01-22 09:51:39 [info] 🔍 Consultando impacto: 2
2026-01-22 09:51:39 [info] ✔️ Impacto 2 respondió en 104 ms
2026-01-22 09:51:39 [info] ✅ Impacto 2 encontrado, texto detectado
2026-01-22 09:51:39 [info] ⏳ Consultando opción, validation y cases en paralelo...
2026-01-22 09:51:39 [info] ✔️ Consultas paralelas completadas en 420 ms
2026-01-22 09:51:39 [info] 🏁 Finalizando getOfferInfo(). Impacto encontrado: 2
2026-01-22 09:51:39 [info] option recibido: "Ofrece Matriz de Retenci¿n"
2026-01-22 09:51:39 [info] ⚙️ Cargando datos adicionales porque contiene 'Matriz'
2026-01-22 09:51:39 [info] 📡 Iniciando consulta getFullEquipoData() a Power BI
2026-01-22 09:51:39 [info] ✔️ Power BI respondió en 105 ms
2026-01-22 09:51:39 [info] ✔️ Data formateada correctamente en getFullEquipoData
2026-01-22 09:51:39 [info] ✔️ getFullEquipoData() OK en 113 ms
2026-01-22 09:51:39 [info] 📡 Iniciando getOfferMatrixData() plan="(764 No Aumento tarifario|7641 - Aplica aumento tarifario)"
2026-01-22 09:51:39 [info] ⏳ Consultando matriz y planDetails en paralelo...
2026-01-22 09:51:40 [info] ✔️ Consultas paralelas completadas en 396 ms
2026-01-22 09:51:40 [error] TypeError: Cannot read properties of undefined (reading 'D0')
    at formatValueDicts (C:\Users\jcbotero\Documents\Emtelco-uniphore coflow\my-express-api\src\utilities\sortPlanDetails.js:4:17)
    at getOfferMatrixData (C:\Users\jcbotero\Documents\Emtelco-uniphore coflow\my-express-api\src\services\getOfferMatrixData.js:29:23)
    at process.processTicksAndRejections (node:internal/process/task_queues:95:5)
    at async getUserInfo (C:\Users\jcbotero\Documents\Emtelco-uniphore coflow\my-express-api\src\controllers\index.js:72:22)
2026-01-22 09:51:40 [info] ✔️ getOfferMatrixData() OK en 401 ms
2026-01-22 09:51:40 [info] 🎯 /userinfo completado en 1708 ms
2026-01-22 09:52:54 [info] 📥 Nueva solicitud a /userinfo
2026-01-22 09:52:54 [info] 🔍 Ejecutando getOfferInfo()...
2026-01-22 09:52:54 [info] 📡 Iniciando getOfferInfo() para ANI: 3217463422
2026-01-22 09:52:54 [info] 🔍 Consultando impacto: 1
2026-01-22 09:52:54 [info] ✔️ Impacto 1 respondió en 519 ms
2026-01-22 09:52:54 [info] 🔍 Consultando impacto: 2
2026-01-22 09:52:54 [info] ✔️ Impacto 2 respondió en 105 ms
2026-01-22 09:52:54 [info] ✅ Impacto 2 encontrado, texto detectado
2026-01-22 09:52:54 [info] ⏳ Consultando opción, validation y cases en paralelo...
2026-01-22 09:52:55 [info] ✔️ Consultas paralelas completadas en 401 ms
2026-01-22 09:52:55 [info] 🏁 Finalizando getOfferInfo(). Impacto encontrado: 2
2026-01-22 09:52:55 [info] option recibido: "Ofrece Matriz de Retenci¿n"
2026-01-22 09:52:55 [info] ⚙️ Cargando datos adicionales porque contiene 'Matriz'
2026-01-22 09:52:55 [info] 📡 Iniciando consulta getFullEquipoData() a Power BI
2026-01-22 09:52:55 [info] ✔️ Power BI respondió en 100 ms
2026-01-22 09:52:55 [info] ✔️ Data formateada correctamente en getFullEquipoData
2026-01-22 09:52:55 [info] ✔️ getFullEquipoData() OK en 102 ms
2026-01-22 09:52:55 [info] 📡 Iniciando getOfferMatrixData() plan="Pospago Fidelizacion 5.0 Plus+_V2 (763|7631)"
2026-01-22 09:52:55 [info] ⏳ Consultando matriz y planDetails en paralelo...
2026-01-22 09:52:55 [info] ✔️ Consultas paralelas completadas en 231 ms
2026-01-22 09:52:55 [error] TypeError: Cannot read properties of undefined (reading 'D0')
    at formatValueDicts (C:\Users\jcbotero\Documents\Emtelco-uniphore coflow\my-express-api\src\utilities\sortPlanDetails.js:4:17)
    at getOfferMatrixData (C:\Users\jcbotero\Documents\Emtelco-uniphore coflow\my-express-api\src\services\getOfferMatrixData.js:29:23)
    at process.processTicksAndRejections (node:internal/process/task_queues:95:5)
    at async getUserInfo (C:\Users\jcbotero\Documents\Emtelco-uniphore coflow\my-express-api\src\controllers\index.js:72:22)
2026-01-22 09:52:55 [info] ✔️ getOfferMatrixData() OK en 232 ms
2026-01-22 09:52:55 [info] 🎯 /userinfo completado en 1367 ms
2026-01-22 09:53:07 [info] 📥 Nueva solicitud a /userinfo
2026-01-22 09:53:07 [info] 🔍 Ejecutando getOfferInfo()...
2026-01-22 09:53:07 [info] 📡 Iniciando getOfferInfo() para ANI: 3217463422
2026-01-22 09:53:07 [info] 🔍 Consultando impacto: 1
2026-01-22 09:53:07 [info] ✔️ Impacto 1 respondió en 517 ms
2026-01-22 09:53:07 [info] 🔍 Consultando impacto: 2
2026-01-22 09:53:07 [info] ✔️ Impacto 2 respondió en 100 ms
2026-01-22 09:53:07 [info] ✅ Impacto 2 encontrado, texto detectado
2026-01-22 09:53:07 [info] ⏳ Consultando opción, validation y cases en paralelo...
2026-01-22 09:53:08 [info] ✔️ Consultas paralelas completadas en 409 ms
2026-01-22 09:53:08 [info] 🏁 Finalizando getOfferInfo(). Impacto encontrado: 2
2026-01-22 09:53:08 [info] option recibido: "Ofrece Matriz de Retenci¿n"
2026-01-22 09:53:08 [info] ⚙️ Cargando datos adicionales porque contiene 'Matriz'
2026-01-22 09:53:08 [info] 📡 Iniciando consulta getFullEquipoData() a Power BI
2026-01-22 09:53:08 [info] ✔️ Power BI respondió en 100 ms
2026-01-22 09:53:08 [info] ✔️ Data formateada correctamente en getFullEquipoData
2026-01-22 09:53:08 [info] ✔️ getFullEquipoData() OK en 104 ms
2026-01-22 09:53:08 [info] 📡 Iniciando getOfferMatrixData() plan="Pospago Fidelizacion 5.0 Plus+ (745|7451) |
Pospago Fidelizacion 5.0 Plus+_V2 (763|7631)"
2026-01-22 09:53:08 [info] ⏳ Consultando matriz y planDetails en paralelo...
2026-01-22 09:53:08 [info] ✔️ Consultas paralelas completadas en 102 ms
2026-01-22 09:53:08 [info] ⚙️ Aplicando regla: retención plan contiene 'W'
2026-01-22 09:53:08 [info] 🏁 Finalizando getOfferMatrixData() correctamente
2026-01-22 09:53:08 [info] ✔️ getOfferMatrixData() OK en 107 ms
2026-01-22 09:53:08 [info] 🎯 /userinfo completado en 1244 ms
2026-01-22 09:55:49 [info] 📥 Nueva solicitud a /userinfo
2026-01-22 09:55:49 [info] 🔍 Ejecutando getOfferInfo()...
2026-01-22 09:55:49 [info] 📡 Iniciando getOfferInfo() para ANI: 3217463422
2026-01-22 09:55:49 [info] 🔍 Consultando impacto: 1
2026-01-22 09:55:50 [info] ✔️ Impacto 1 respondió en 568 ms
2026-01-22 09:55:50 [info] 🔍 Consultando impacto: 2
2026-01-22 09:55:50 [info] ✔️ Impacto 2 respondió en 103 ms
2026-01-22 09:55:50 [info] ✅ Impacto 2 encontrado, texto detectado
2026-01-22 09:55:50 [info] ⏳ Consultando opción, validation y cases en paralelo...
2026-01-22 09:55:50 [info] ✔️ Consultas paralelas completadas en 412 ms
2026-01-22 09:55:50 [info] 🏁 Finalizando getOfferInfo(). Impacto encontrado: 2
2026-01-22 09:55:50 [info] option recibido: "Ofrece Matriz de Retenci¿n"
2026-01-22 09:55:50 [info] ⚙️ Cargando datos adicionales porque contiene 'Matriz'
2026-01-22 09:55:50 [info] 📡 Iniciando consulta getFullEquipoData() a Power BI
2026-01-22 09:55:50 [info] ✔️ Power BI respondió en 104 ms
2026-01-22 09:55:50 [info] ✔️ Data formateada correctamente en getFullEquipoData
2026-01-22 09:55:50 [info] ✔️ getFullEquipoData() OK en 111 ms
2026-01-22 09:55:50 [info] 📡 Iniciando getOfferMatrixData() plan="Pospago Fidelizacion 5.0 Plus+ (745|7451) |
Pospago Fidelizacion 5.0 Plus+_V2 (763|7631)"
2026-01-22 09:55:50 [info] ⏳ Consultando matriz y planDetails en paralelo...
2026-01-22 09:55:50 [info] ✔️ Consultas paralelas completadas en 112 ms
2026-01-22 09:55:50 [info] ⚙️ Aplicando regla: retención plan contiene 'W'
2026-01-22 09:55:50 [info] 🏁 Finalizando getOfferMatrixData() correctamente
2026-01-22 09:55:50 [info] ✔️ getOfferMatrixData() OK en 118 ms
2026-01-22 09:55:50 [info] 🎯 /userinfo completado en 1321 ms
2026-01-22 09:56:04 [info] 📥 Nueva solicitud a /userinfo
2026-01-22 09:56:04 [info] 🔍 Ejecutando getOfferInfo()...
2026-01-22 09:56:04 [info] 📡 Iniciando getOfferInfo() para ANI: 3217463422
2026-01-22 09:56:04 [info] 🔍 Consultando impacto: 1
2026-01-22 09:56:04 [info] ✔️ Impacto 1 respondió en 469 ms
2026-01-22 09:56:04 [info] 🔍 Consultando impacto: 2
2026-01-22 09:56:04 [info] ✔️ Impacto 2 respondió en 100 ms
2026-01-22 09:56:04 [info] ✅ Impacto 2 encontrado, texto detectado
2026-01-22 09:56:04 [info] ⏳ Consultando opción, validation y cases en paralelo...
2026-01-22 09:56:05 [info] ✔️ Consultas paralelas completadas en 408 ms
2026-01-22 09:56:05 [info] 🏁 Finalizando getOfferInfo(). Impacto encontrado: 2
2026-01-22 09:56:05 [info] option recibido: "Ofrece Matriz de Retenci¿n"
2026-01-22 09:56:05 [info] ⚙️ Cargando datos adicionales porque contiene 'Matriz'
2026-01-22 09:56:05 [info] 📡 Iniciando consulta getFullEquipoData() a Power BI
2026-01-22 09:56:05 [info] ✔️ Power BI respondió en 99 ms
2026-01-22 09:56:05 [info] ✔️ Data formateada correctamente en getFullEquipoData
2026-01-22 09:56:05 [info] ✔️ getFullEquipoData() OK en 101 ms
2026-01-22 09:56:05 [info] 📡 Iniciando getOfferMatrixData() plan="Pospago Fidelizacion 5.0 Plus+ (745|7451) |
Pospago Fidelizacion 5.0 Plus+_V2 (763|7631)"
2026-01-22 09:56:05 [info] ⏳ Consultando matriz y planDetails en paralelo...
2026-01-22 09:56:05 [info] ✔️ Consultas paralelas completadas en 98 ms
2026-01-22 09:56:05 [info] ⚙️ Aplicando regla: retención plan contiene 'W'
2026-01-22 09:56:05 [info] 🏁 Finalizando getOfferMatrixData() correctamente
2026-01-22 09:56:05 [info] ✔️ getOfferMatrixData() OK en 99 ms
2026-01-22 09:56:05 [info] 🎯 /userinfo completado en 1186 ms
2026-01-22 09:56:18 [info] 📥 Nueva solicitud a /userinfo
2026-01-22 09:56:18 [info] 🔍 Ejecutando getOfferInfo()...
2026-01-22 09:56:18 [info] 📡 Iniciando getOfferInfo() para ANI: 3217463422
2026-01-22 09:56:18 [info] 🔍 Consultando impacto: 1
2026-01-22 09:56:18 [info] ✔️ Impacto 1 respondió en 494 ms
2026-01-22 09:56:18 [info] 🔍 Consultando impacto: 2
2026-01-22 09:56:18 [info] ✔️ Impacto 2 respondió en 95 ms
2026-01-22 09:56:18 [info] ✅ Impacto 2 encontrado, texto detectado
2026-01-22 09:56:18 [info] ⏳ Consultando opción, validation y cases en paralelo...
2026-01-22 09:56:19 [info] ✔️ Consultas paralelas completadas en 392 ms
2026-01-22 09:56:19 [info] 🏁 Finalizando getOfferInfo(). Impacto encontrado: 2
2026-01-22 09:56:19 [info] option recibido: "Ofrece Matriz de Retenci¿n"
2026-01-22 09:56:19 [info] ⚙️ Cargando datos adicionales porque contiene 'Matriz'
2026-01-22 09:56:19 [info] 📡 Iniciando consulta getFullEquipoData() a Power BI
2026-01-22 09:56:19 [info] ✔️ Power BI respondió en 98 ms
2026-01-22 09:56:19 [info] ✔️ Data formateada correctamente en getFullEquipoData
2026-01-22 09:56:19 [info] ✔️ getFullEquipoData() OK en 100 ms
2026-01-22 09:56:19 [info] 📡 Iniciando getOfferMatrixData() plan="(764 No Aumento tarifario | 7641 - Aplica aumento tarifario)"
2026-01-22 09:56:19 [info] ⏳ Consultando matriz y planDetails en paralelo...
2026-01-22 09:56:19 [info] ✔️ Consultas paralelas completadas en 223 ms
2026-01-22 09:56:19 [error] TypeError: Cannot read properties of undefined (reading 'D0')
    at formatValueDicts (C:\Users\jcbotero\Documents\Emtelco-uniphore coflow\my-express-api\src\utilities\sortPlanDetails.js:4:17)
    at getOfferMatrixData (C:\Users\jcbotero\Documents\Emtelco-uniphore coflow\my-express-api\src\services\getOfferMatrixData.js:29:23)
    at process.processTicksAndRejections (node:internal/process/task_queues:95:5)
    at async getUserInfo (C:\Users\jcbotero\Documents\Emtelco-uniphore coflow\my-express-api\src\controllers\index.js:72:22)
2026-01-22 09:56:19 [info] ✔️ getOfferMatrixData() OK en 226 ms
2026-01-22 09:56:19 [info] 🎯 /userinfo completado en 1312 ms
2026-01-22 09:58:17 [info] 📥 Nueva solicitud a /userinfo
2026-01-22 09:58:17 [info] 🔍 Ejecutando getOfferInfo()...
2026-01-22 09:58:17 [info] 📡 Iniciando getOfferInfo() para ANI: 3217463422
2026-01-22 09:58:17 [info] 🔍 Consultando impacto: 1
2026-01-22 09:58:18 [info] ✔️ Impacto 1 respondió en 579 ms
2026-01-22 09:58:18 [info] 🔍 Consultando impacto: 2
2026-01-22 09:58:18 [info] ✔️ Impacto 2 respondió en 101 ms
2026-01-22 09:58:18 [info] ✅ Impacto 2 encontrado, texto detectado
2026-01-22 09:58:18 [info] ⏳ Consultando opción, validation y cases en paralelo...
2026-01-22 09:58:18 [info] ✔️ Consultas paralelas completadas en 400 ms
2026-01-22 09:58:18 [info] 🏁 Finalizando getOfferInfo(). Impacto encontrado: 2
2026-01-22 09:58:18 [info] option recibido: "Ofrece Matriz de Retenci¿n"
2026-01-22 09:58:18 [info] ⚙️ Cargando datos adicionales porque contiene 'Matriz'
2026-01-22 09:58:18 [info] 📡 Iniciando consulta getFullEquipoData() a Power BI
2026-01-22 09:58:18 [info] ✔️ Power BI respondió en 100 ms
2026-01-22 09:58:18 [info] ✔️ Data formateada correctamente en getFullEquipoData
2026-01-22 09:58:18 [info] ✔️ getFullEquipoData() OK en 104 ms
2026-01-22 09:58:18 [info] 📡 Iniciando getOfferMatrixData() plan="Pospago Fidelizacion 5.0 Plus+ Seg_V2 (764 No Aumento tarifario | 7641 - Aplica aumento tarifario)"
2026-01-22 09:58:18 [info] ⏳ Consultando matriz y planDetails en paralelo...
2026-01-22 09:58:19 [info] ✔️ Consultas paralelas completadas en 262 ms
2026-01-22 09:58:19 [error] TypeError: Cannot read properties of undefined (reading 'D0')
    at formatValueDicts (C:\Users\jcbotero\Documents\Emtelco-uniphore coflow\my-express-api\src\utilities\sortPlanDetails.js:4:17)
    at getOfferMatrixData (C:\Users\jcbotero\Documents\Emtelco-uniphore coflow\my-express-api\src\services\getOfferMatrixData.js:29:23)
    at process.processTicksAndRejections (node:internal/process/task_queues:95:5)
    at async getUserInfo (C:\Users\jcbotero\Documents\Emtelco-uniphore coflow\my-express-api\src\controllers\index.js:72:22)
2026-01-22 09:58:19 [info] ✔️ getOfferMatrixData() OK en 264 ms
2026-01-22 09:58:19 [info] 🎯 /userinfo completado en 1456 ms
2026-01-22 09:58:33 [info] 📥 Nueva solicitud a /userinfo
2026-01-22 09:58:33 [info] 🔍 Ejecutando getOfferInfo()...
2026-01-22 09:58:33 [info] 📡 Iniciando getOfferInfo() para ANI: 3217463422
2026-01-22 09:58:33 [info] 🔍 Consultando impacto: 1
2026-01-22 09:58:33 [info] ✔️ Impacto 1 respondió en 579 ms
2026-01-22 09:58:33 [info] 🔍 Consultando impacto: 2
2026-01-22 09:58:33 [info] ✔️ Impacto 2 respondió en 100 ms
2026-01-22 09:58:33 [info] ✅ Impacto 2 encontrado, texto detectado
2026-01-22 09:58:33 [info] ⏳ Consultando opción, validation y cases en paralelo...
2026-01-22 09:58:34 [info] ✔️ Consultas paralelas completadas en 411 ms
2026-01-22 09:58:34 [info] 🏁 Finalizando getOfferInfo(). Impacto encontrado: 2
2026-01-22 09:58:34 [info] option recibido: "Ofrece Matriz de Retenci¿n"
2026-01-22 09:58:34 [info] ⚙️ Cargando datos adicionales porque contiene 'Matriz'
2026-01-22 09:58:34 [info] 📡 Iniciando consulta getFullEquipoData() a Power BI
2026-01-22 09:58:34 [info] ✔️ Power BI respondió en 106 ms
2026-01-22 09:58:34 [info] ✔️ Data formateada correctamente en getFullEquipoData
2026-01-22 09:58:34 [info] ✔️ getFullEquipoData() OK en 115 ms
2026-01-22 09:58:34 [info] 📡 Iniciando getOfferMatrixData() plan="Pospago Fidelizacion 5.0 Plus+ Seg_V2 (764 No Aumento tarifario|7641 - Aplica aumento tarifario)"
2026-01-22 09:58:34 [info] ⏳ Consultando matriz y planDetails en paralelo...
2026-01-22 09:58:34 [info] ✔️ Consultas paralelas completadas en 111 ms
2026-01-22 09:58:34 [info] ⚙️ Aplicando regla: retención plan contiene 'W'
2026-01-22 09:58:34 [info] 🏁 Finalizando getOfferMatrixData() correctamente
2026-01-22 09:58:34 [info] ✔️ getOfferMatrixData() OK en 115 ms
2026-01-22 09:58:34 [info] 🎯 /userinfo completado en 1333 ms
2026-01-28 09:34:35 [info] 📥 Nueva solicitud a /userinfo
2026-01-28 09:34:56 [info] 📥 Nueva solicitud a /userinfo
2026-01-28 09:34:59 [info] 📥 Nueva solicitud a /userinfo
2026-01-28 09:35:05 [info] 📥 Nueva solicitud a /userinfo
2026-01-28 09:35:05 [info] 🔍 Ejecutando getOfferInfo()...
2026-01-28 09:35:05 [info] 📡 Iniciando getOfferInfo() para ANI: 3217463422
2026-01-28 09:35:05 [info] 🔍 Consultando impacto: 1
2026-01-28 09:35:06 [info] ✔️ Impacto 1 respondió en 674 ms
2026-01-28 09:35:06 [info] 🔍 Consultando impacto: 2
2026-01-28 09:35:06 [info] ✔️ Impacto 2 respondió en 252 ms
2026-01-28 09:35:06 [info] ✅ Impacto 2 encontrado, texto detectado
2026-01-28 09:35:06 [info] ⏳ Consultando opción, validation y cases en paralelo...
2026-01-28 09:35:07 [info] ✔️ Consultas paralelas completadas en 559 ms
2026-01-28 09:35:07 [info] 🏁 Finalizando getOfferInfo(). Impacto encontrado: 2
2026-01-28 09:35:07 [info] option recibido: "Ofrece Matriz de Retenci¿n"
2026-01-28 09:35:07 [info] ⚙️ Cargando datos adicionales porque contiene 'Matriz'
2026-01-28 09:35:07 [info] 📡 Iniciando consulta getFullEquipoData() a Power BI
2026-01-28 09:35:07 [info] ✔️ Power BI respondió en 265 ms
2026-01-28 09:35:07 [info] ✔️ Data formateada correctamente en getFullEquipoData
2026-01-28 09:35:07 [info] ✔️ getFullEquipoData() OK en 274 ms
2026-01-28 09:35:07 [info] 📡 Iniciando getOfferMatrixData() plan="Pospago Fidelizacion 5.0 Plus+ (745|7451) |
Pospago Fidelizacion 5.0 Plus+_V2 (763|7631)"
2026-01-28 09:35:07 [info] ⏳ Consultando matriz y planDetails en paralelo...
2026-01-28 09:35:07 [info] ✔️ Consultas paralelas completadas en 279 ms
2026-01-28 09:35:07 [info] ⚙️ Aplicando regla: retención plan contiene 'W'
2026-01-28 09:35:07 [info] 🏁 Finalizando getOfferMatrixData() correctamente
2026-01-28 09:35:07 [info] ✔️ getOfferMatrixData() OK en 282 ms
2026-01-28 09:35:07 [info] 🎯 /userinfo completado en 2053 ms
2026-01-28 09:35:13 [info] 📥 Nueva solicitud a /userinfo
2026-01-28 09:42:27 [info] 📥 Nueva solicitud a /userinfo
2026-01-28 09:42:53 [info] 📥 Nueva solicitud a /userinfo
2026-01-28 09:57:50 [info] 📥 Nueva solicitud a /userinfo
2026-01-28 09:57:50 [info] 📡 Iniciando consulta Full Tigo a Power BI
2026-01-28 09:57:51 [info] ✔️ Power BI respondió en 900 ms
2026-01-28 10:03:13 [info] 📥 Nueva solicitud a /userinfo
2026-01-28 10:03:13 [info] 📡 Iniciando consulta Full Tigo a Power BI
2026-01-28 10:03:14 [info] ✔️ Power BI respondió en 1001 ms
2026-01-28 10:03:14 [info] ✔️ Data formateada correctamente en full tigo
2026-01-28 10:14:38 [info] 📥 Nueva solicitud a /userinfo
2026-01-28 10:14:38 [info] 📡 Iniciando consulta Full Tigo a Power BI
2026-01-28 10:14:39 [info] ✔️ Power BI respondió en 934 ms
2026-01-28 10:14:39 [info] ✔️ Data formateada correctamente en full tigo
2026-01-28 10:15:01 [info] 📥 Nueva solicitud a /userinfo
2026-01-28 10:15:01 [info] 📡 Iniciando consulta Full Tigo a Power BI
2026-01-28 10:15:02 [info] ✔️ Power BI respondió en 665 ms
2026-01-28 10:15:02 [info] ✔️ Data formateada correctamente en full tigo
2026-01-28 10:18:55 [info] 📥 Nueva solicitud a /userinfo
2026-01-28 10:18:55 [info] 📡 Iniciando consulta Full Tigo a Power BI
2026-01-28 10:18:55 [info] ✔️ Power BI respondió en 689 ms
2026-01-28 10:18:55 [info] ✔️ Data formateada correctamente en full tigo
2026-01-29 09:41:47 [info] 📥 Nueva solicitud a /userinfo
2026-01-29 09:41:47 [info] 📡 Iniciando consulta Full Tigo a Power BI
2026-01-29 09:41:56 [info] ✔️ Power BI respondió en 8088 ms
2026-01-29 09:41:56 [info] ✔️ Data formateada correctamente en full tigo
2026-01-29 15:17:40 [info] 📥 Nueva solicitud a /userinfo
2026-01-29 15:17:40 [info] 📡 Iniciando consulta Full Tigo a Power BI
2026-01-29 15:17:41 [info] ✔️ Power BI respondió en 1003 ms
2026-01-29 15:17:41 [info] ✔️ Data formateada correctamente en full tigo
2026-01-29 15:21:27 [info] 📥 Nueva solicitud a /userinfo
2026-01-29 15:21:27 [info] 📡 Iniciando consulta Full Tigo a Power BI
2026-01-29 15:21:28 [info] ✔️ Power BI respondió en 721 ms
2026-01-29 15:21:28 [info] ✔️ Data formateada correctamente en full tigo
2026-01-29 15:21:28 [error] ReferenceError: response is not defined
    at getFullTigoData (C:\Users\jcbotero\Documents\Emtelco-uniphore coflow\my-express-api\src\services\getFullTigoMessage.js:42:7)
    at process.processTicksAndRejections (node:internal/process/task_queues:95:5)
    at async getUserInfo (C:\Users\jcbotero\Documents\Emtelco-uniphore coflow\my-express-api\src\controllers\index.js:20:29)
2026-01-29 15:21:50 [info] 📥 Nueva solicitud a /userinfo
2026-01-29 15:21:50 [info] 📡 Iniciando consulta Full Tigo a Power BI
2026-01-29 15:21:51 [info] ✔️ Power BI respondió en 779 ms
2026-01-29 15:21:51 [info] ✔️ Data formateada correctamente en full tigo
2026-01-29 15:28:15 [info] 📥 Nueva solicitud a /userinfo
2026-01-29 15:28:15 [info] 📡 Iniciando consulta Full Tigo a Power BI
2026-01-29 15:28:16 [info] ✔️ Power BI respondió en 641 ms
2026-01-29 15:28:16 [info] ✔️ Data formateada correctamente en full tigo
2026-01-29 15:29:00 [info] 📥 Nueva solicitud a /userinfo
2026-01-29 15:29:00 [info] 📡 Iniciando consulta Full Tigo a Power BI
2026-01-29 15:29:10 [info] 📥 Nueva solicitud a /userinfo
2026-01-29 15:29:10 [info] 📡 Iniciando consulta Full Tigo a Power BI
2026-01-29 15:29:10 [info] ✔️ Power BI respondió en 681 ms
2026-01-29 15:29:10 [info] ✔️ Data formateada correctamente en full tigo
2026-01-29 15:29:35 [info] 📥 Nueva solicitud a /userinfo
2026-01-29 15:29:35 [info] 📡 Iniciando consulta Full Tigo a Power BI
2026-01-29 15:29:35 [info] ✔️ Power BI respondió en 658 ms
2026-01-29 15:29:35 [info] ✔️ Data formateada correctamente en full tigo
2026-01-29 15:30:49 [info] 📥 Nueva solicitud a /userinfo
2026-01-29 15:30:49 [info] 📡 Iniciando consulta Full Tigo a Power BI
2026-01-29 15:30:50 [info] ✔️ Power BI respondió en 645 ms
2026-01-29 15:30:50 [info] ✔️ Data formateada correctamente en full tigo
2026-01-29 15:31:14 [info] 📥 Nueva solicitud a /userinfo
2026-01-29 15:31:14 [info] 📡 Iniciando consulta Full Tigo a Power BI
2026-01-29 15:31:14 [info] ✔️ Power BI respondió en 677 ms
2026-01-29 15:31:14 [info] ✔️ Data formateada correctamente en full tigo
2026-01-29 15:37:52 [info] 📥 Nueva solicitud a /userinfo
2026-01-29 15:37:52 [info] 📡 Iniciando consulta Full Tigo a Power BI
2026-01-29 15:37:53 [info] ✔️ Power BI respondió en 668 ms
2026-01-29 15:37:53 [info] ✔️ Data formateada correctamente en full tigo
2026-01-29 15:38:09 [info] 📥 Nueva solicitud a /userinfo
2026-01-29 15:38:09 [info] 📡 Iniciando consulta Full Tigo a Power BI
2026-01-29 15:38:10 [info] ✔️ Power BI respondió en 643 ms
2026-01-29 15:38:10 [info] ✔️ Data formateada correctamente en full tigo
2026-01-29 15:54:32 [info] 📥 Nueva solicitud a /userinfo
2026-01-29 15:54:32 [info] 📡 Iniciando consulta Full Tigo a Power BI
2026-01-29 15:54:33 [info] ✔️ Power BI respondió en 660 ms
2026-01-29 15:54:33 [info] ✔️ Data formateada correctamente en full tigo
2026-01-29 15:56:58 [info] 📥 Nueva solicitud a /userinfo
2026-01-29 15:56:58 [info] 📡 Iniciando consulta Full Tigo a Power BI
2026-01-29 15:56:58 [info] ✔️ Power BI respondió en 668 ms
2026-01-29 15:57:39 [info] 📥 Nueva solicitud a /userinfo
2026-01-29 15:57:39 [info] 📡 Iniciando consulta Full Tigo a Power BI
2026-01-29 15:57:39 [info] ✔️ Power BI respondió en 813 ms
2026-01-29 15:57:39 [info] ✔️ Data formateada correctamente en full tigo
2026-01-29 15:57:53 [info] 📥 Nueva solicitud a /userinfo
2026-01-29 15:57:53 [info] 📡 Iniciando consulta Full Tigo a Power BI
2026-01-29 15:57:54 [info] ✔️ Power BI respondió en 666 ms
2026-01-29 15:57:54 [info] ✔️ Data formateada correctamente en full tigo
2026-01-29 15:57:57 [info] 📥 Nueva solicitud a /userinfo
2026-01-29 15:57:57 [info] 📡 Iniciando consulta Full Tigo a Power BI
2026-01-29 15:57:57 [info] ✔️ Power BI respondió en 198 ms
2026-01-29 15:57:57 [info] ✔️ Data formateada correctamente en full tigo
2026-01-29 15:58:10 [info] 📥 Nueva solicitud a /userinfo
2026-01-29 15:58:10 [info] 📡 Iniciando consulta Full Tigo a Power BI
2026-01-29 15:58:11 [info] ✔️ Power BI respondió en 680 ms
2026-01-29 15:58:11 [info] ✔️ Data formateada correctamente en full tigo
2026-01-29 15:58:28 [info] 📥 Nueva solicitud a /userinfo
2026-01-29 15:58:28 [info] 📡 Iniciando consulta Full Tigo a Power BI
2026-01-29 15:58:29 [info] ✔️ Power BI respondió en 665 ms
2026-01-29 15:58:29 [info] ✔️ Data formateada correctamente en full tigo
2026-01-29 15:58:59 [info] 📥 Nueva solicitud a /userinfo
2026-01-29 15:58:59 [info] 📡 Iniciando consulta Full Tigo a Power BI
2026-01-29 15:59:00 [info] ✔️ Power BI respondió en 662 ms
2026-01-29 15:59:45 [info] 📥 Nueva solicitud a /userinfo
2026-01-29 15:59:45 [info] 📡 Iniciando consulta Full Tigo a Power BI
2026-01-29 15:59:46 [info] ✔️ Power BI respondió en 693 ms
2026-01-29 16:00:33 [info] 📥 Nueva solicitud a /userinfo
2026-01-29 16:00:33 [info] 📡 Iniciando consulta Full Tigo a Power BI
2026-01-29 16:00:34 [info] ✔️ Power BI respondió en 714 ms
2026-01-29 16:00:34 [info] ✔️ Data formateada correctamente en full tigo
2026-01-29 16:00:34 [info] 📡 Iniciando consulta Full Tigo Matriz a Power BI
2026-01-29 16:00:34 [error] ReferenceError: fullTigoMatrizMessage is not defined
    at getFullTigoDatMatrizData (C:\Users\jcbotero\Documents\Emtelco-uniphore coflow\my-express-api\src\services\getFullTigoMatriz.js:22:35)
    at process.processTicksAndRejections (node:internal/process/task_queues:95:5)
    at async getUserInfo (C:\Users\jcbotero\Documents\Emtelco-uniphore coflow\my-express-api\src\controllers\index.js:22:37)
2026-01-29 16:02:06 [info] 📥 Nueva solicitud a /userinfo
2026-01-29 16:02:06 [info] 📡 Iniciando consulta Full Tigo a Power BI
2026-01-29 16:02:07 [info] ✔️ Power BI respondió en 666 ms
2026-01-29 16:02:07 [info] ✔️ Data formateada correctamente en full tigo
2026-01-29 16:02:07 [info] 📡 Iniciando consulta Full Tigo Matriz a Power BI
2026-01-29 16:02:07 [info] ✔️ Power BI respondió en 100 ms
2026-01-29 16:02:07 [info] ✔️ Data formateada correctamente en full tigo Matriz
2026-01-29 16:02:38 [info] 📥 Nueva solicitud a /userinfo
2026-01-29 16:02:38 [info] 📡 Iniciando consulta Full Tigo a Power BI
2026-01-29 16:02:39 [info] ✔️ Power BI respondió en 698 ms
2026-01-29 16:02:39 [info] ✔️ Data formateada correctamente en full tigo
2026-01-29 16:02:39 [info] 📡 Iniciando consulta Full Tigo Matriz a Power BI
2026-01-29 16:02:39 [info] ✔️ Power BI respondió en 101 ms
2026-01-29 16:02:39 [info] ✔️ Data formateada correctamente en full tigo Matriz
2026-01-29 16:02:49 [info] 📥 Nueva solicitud a /userinfo
2026-01-29 16:02:49 [info] 📡 Iniciando consulta Full Tigo a Power BI
2026-01-29 16:02:50 [info] ✔️ Power BI respondió en 647 ms
2026-01-29 16:02:50 [info] ✔️ Data formateada correctamente en full tigo
2026-01-29 16:02:50 [info] 📡 Iniciando consulta Full Tigo Matriz a Power BI
2026-01-29 16:02:50 [info] ✔️ Power BI respondió en 104 ms
2026-01-29 16:02:50 [info] ✔️ Data formateada correctamente en full tigo Matriz
2026-01-29 16:03:17 [info] 📥 Nueva solicitud a /userinfo
2026-01-29 16:03:17 [info] 📡 Iniciando consulta Full Tigo a Power BI
2026-01-29 16:03:17 [info] ✔️ Power BI respondió en 645 ms
2026-01-29 16:03:17 [info] ✔️ Data formateada correctamente en full tigo
2026-01-29 16:03:17 [info] 📡 Iniciando consulta Full Tigo Matriz a Power BI
2026-01-29 16:03:17 [info] ✔️ Power BI respondió en 99 ms
2026-01-29 16:03:17 [info] ✔️ Data formateada correctamente en full tigo Matriz
2026-01-29 16:03:44 [info] 📥 Nueva solicitud a /userinfo
2026-01-29 16:03:44 [info] 📡 Iniciando consulta Full Tigo a Power BI
2026-01-29 16:03:44 [info] ✔️ Power BI respondió en 652 ms
2026-01-29 16:03:44 [info] ✔️ Data formateada correctamente en full tigo
2026-01-29 16:03:44 [info] 📡 Iniciando consulta Full Tigo Matriz a Power BI
2026-01-29 16:03:44 [info] ✔️ Power BI respondió en 98 ms
2026-01-29 16:03:44 [info] ✔️ Data formateada correctamente en full tigo Matriz
2026-01-29 16:07:18 [info] 📥 Nueva solicitud a /userinfo
2026-01-29 16:07:18 [info] 📡 Iniciando consulta Full Tigo a Power BI
2026-01-29 16:07:19 [info] ✔️ Power BI respondió en 659 ms
2026-01-29 16:07:19 [info] ✔️ Data formateada correctamente en full tigo
2026-01-29 16:07:19 [info] 📡 Iniciando consulta Full Tigo Matriz a Power BI
2026-01-29 16:07:19 [info] ✔️ Power BI respondió en 247 ms
2026-01-29 16:07:19 [info] ✔️ Data formateada correctamente en full tigo Matriz
2026-01-29 16:07:19 [error] ReferenceError: alertMessage is not defined
    at getFullTigoDatMatrizData (C:\Users\jcbotero\Documents\Emtelco-uniphore coflow\my-express-api\src\services\getFullTigoMatriz.js:56:16)
    at process.processTicksAndRejections (node:internal/process/task_queues:95:5)
    at async getUserInfo (C:\Users\jcbotero\Documents\Emtelco-uniphore coflow\my-express-api\src\controllers\index.js:22:37)
2026-01-29 16:07:36 [info] 📥 Nueva solicitud a /userinfo
2026-01-29 16:07:36 [info] 📡 Iniciando consulta Full Tigo a Power BI
2026-01-29 16:07:37 [info] ✔️ Power BI respondió en 673 ms
2026-01-29 16:07:37 [info] ✔️ Data formateada correctamente en full tigo
2026-01-29 16:07:37 [info] 📡 Iniciando consulta Full Tigo Matriz a Power BI
2026-01-29 16:07:37 [info] ✔️ Power BI respondió en 100 ms
2026-01-29 16:07:37 [info] ✔️ Data formateada correctamente en full tigo Matriz
2026-01-29 16:10:37 [info] 📥 Nueva solicitud a /userinfo
2026-01-29 16:10:37 [info] 📡 Iniciando consulta Full Tigo a Power BI
2026-01-29 16:10:37 [info] ✔️ Power BI respondió en 753 ms
2026-01-29 16:10:37 [info] ✔️ Data formateada correctamente en full tigo
2026-01-29 16:10:37 [info] 📡 Iniciando consulta Full Tigo Matriz a Power BI
2026-01-29 16:10:37 [info] ✔️ Power BI respondió en 113 ms
2026-01-29 16:10:37 [info] ✔️ Data formateada correctamente en full tigo Matriz
2026-01-29 16:11:26 [info] 📥 Nueva solicitud a /userinfo
2026-01-29 16:11:26 [info] 📡 Iniciando consulta Full Tigo a Power BI
2026-01-29 16:11:26 [info] ✔️ Power BI respondió en 693 ms
2026-01-29 16:11:26 [info] ✔️ Data formateada correctamente en full tigo
2026-01-29 16:11:26 [info] 📡 Iniciando consulta Full Tigo Matriz a Power BI
2026-01-29 16:11:27 [info] ✔️ Power BI respondió en 105 ms
2026-01-29 16:11:27 [info] ✔️ Data formateada correctamente en full tigo Matriz
2026-01-29 16:11:51 [info] 📥 Nueva solicitud a /userinfo
2026-01-29 16:11:51 [info] 📡 Iniciando consulta Full Tigo a Power BI
2026-01-29 16:11:52 [info] ✔️ Power BI respondió en 698 ms
2026-01-29 16:11:52 [info] ✔️ Data formateada correctamente en full tigo
2026-01-29 16:11:52 [info] 📡 Iniciando consulta Full Tigo Matriz a Power BI
2026-01-29 16:11:52 [info] ✔️ Power BI respondió en 106 ms
2026-01-29 16:11:52 [info] ✔️ Data formateada correctamente en full tigo Matriz
2026-01-29 16:19:19 [info] 📥 Nueva solicitud a /userinfo
2026-01-29 16:19:19 [info] 📡 Iniciando consulta Full Tigo a Power BI
2026-01-29 16:19:19 [info] ✔️ Power BI respondió en 667 ms
2026-01-29 16:19:19 [info] ✔️ Data formateada correctamente en full tigo
2026-01-29 16:19:19 [info] 📡 Iniciando consulta Full Tigo Matriz a Power BI
2026-01-29 16:19:19 [info] ✔️ Power BI respondió en 201 ms
2026-01-29 16:19:19 [info] ✔️ Data formateada correctamente en full tigo Matriz
2026-01-29 16:20:43 [info] 📥 Nueva solicitud a /userinfo
2026-01-29 16:20:43 [info] 📡 Iniciando consulta Full Tigo a Power BI
2026-01-29 16:20:44 [info] ✔️ Power BI respondió en 666 ms
2026-01-29 16:20:44 [info] ✔️ Data formateada correctamente en full tigo
2026-01-29 16:20:44 [info] 📡 Iniciando consulta Full Tigo Matriz a Power BI
2026-01-29 16:20:44 [info] ✔️ Power BI respondió en 202 ms
2026-01-29 16:20:44 [info] ✔️ Data formateada correctamente en full tigo Matriz
2026-01-29 16:21:29 [info] 📥 Nueva solicitud a /userinfo
2026-01-29 16:21:29 [info] 📡 Iniciando consulta Full Tigo a Power BI
2026-01-29 16:21:30 [info] ✔️ Power BI respondió en 681 ms
2026-01-29 16:21:30 [info] ✔️ Data formateada correctamente en full tigo
2026-01-29 16:21:30 [info] 📡 Iniciando consulta Full Tigo Matriz a Power BI
2026-01-29 16:21:30 [info] ✔️ Power BI respondió en 205 ms
2026-01-29 16:21:30 [info] ✔️ Data formateada correctamente en full tigo Matriz
2026-01-29 16:22:09 [info] 📥 Nueva solicitud a /userinfo
2026-01-29 16:22:09 [info] 📡 Iniciando consulta Full Tigo a Power BI
2026-01-29 16:22:09 [info] ✔️ Power BI respondió en 639 ms
2026-01-29 16:22:09 [info] ✔️ Data formateada correctamente en full tigo
2026-01-29 16:22:09 [info] 📡 Iniciando consulta Full Tigo Matriz a Power BI
2026-01-29 16:22:09 [info] ✔️ Power BI respondió en 200 ms
2026-01-29 16:22:09 [info] ✔️ Data formateada correctamente en full tigo Matriz
2026-01-29 16:24:18 [info] 📥 Nueva solicitud a /userinfo
2026-01-29 16:24:18 [info] 📡 Iniciando consulta Full Tigo a Power BI
2026-01-29 16:24:19 [info] ✔️ Power BI respondió en 674 ms
2026-01-29 16:24:19 [info] ✔️ Data formateada correctamente en full tigo
2026-01-29 16:24:19 [info] 📡 Iniciando consulta Full Tigo Matriz a Power BI
2026-01-29 16:24:19 [info] ✔️ Power BI respondió en 194 ms
2026-01-29 16:24:19 [info] ✔️ Data formateada correctamente en full tigo Matriz
2026-01-29 16:28:10 [info] 📥 Nueva solicitud a /userinfo
2026-01-29 16:28:10 [info] 📡 Iniciando consulta Full Tigo a Power BI
2026-01-29 16:28:11 [info] ✔️ Power BI respondió en 1006 ms
2026-01-29 16:28:11 [info] ✔️ Data formateada correctamente en full tigo
2026-01-29 16:28:11 [info] 📡 Iniciando consulta Full Tigo Matriz a Power BI
2026-01-29 16:28:11 [info] ✔️ Power BI respondió en 201 ms
2026-01-29 16:28:11 [info] ✔️ Data formateada correctamente en full tigo Matriz
2026-01-29 16:28:36 [info] 📥 Nueva solicitud a /userinfo
2026-01-29 16:28:36 [info] 📡 Iniciando consulta Full Tigo a Power BI
2026-01-29 16:28:37 [info] ✔️ Power BI respondió en 660 ms
2026-01-29 16:28:37 [info] ✔️ Data formateada correctamente en full tigo
2026-01-29 16:28:37 [info] 📡 Iniciando consulta Full Tigo Matriz a Power BI
2026-01-29 16:28:37 [info] ✔️ Power BI respondió en 204 ms
2026-01-29 16:28:37 [info] ✔️ Data formateada correctamente en full tigo Matriz
2026-01-29 16:29:58 [info] 📥 Nueva solicitud a /userinfo
2026-01-29 16:29:58 [info] 📡 Iniciando consulta Full Tigo a Power BI
2026-01-29 16:29:59 [info] ✔️ Power BI respondió en 640 ms
2026-01-29 16:29:59 [info] ✔️ Data formateada correctamente en full tigo
2026-01-29 16:29:59 [info] 📡 Iniciando consulta Full Tigo Matriz a Power BI
2026-01-29 16:29:59 [info] ✔️ Power BI respondió en 634 ms
2026-01-29 16:29:59 [info] ✔️ Data formateada correctamente en full tigo Matriz
2026-01-29 16:30:44 [info] 📥 Nueva solicitud a /userinfo
2026-01-29 16:30:44 [info] 📡 Iniciando consulta Full Tigo a Power BI
2026-01-29 16:30:44 [info] ✔️ Power BI respondió en 667 ms
2026-01-29 16:30:44 [info] ✔️ Data formateada correctamente en full tigo
2026-01-29 16:30:44 [info] 📡 Iniciando consulta Full Tigo Matriz a Power BI
2026-01-29 16:30:44 [info] ✔️ Power BI respondió en 205 ms
2026-01-29 16:30:44 [info] ✔️ Data formateada correctamente en full tigo Matriz
2026-01-29 16:43:20 [info] 📥 Nueva solicitud a /userinfo
2026-01-29 16:43:20 [info] 📡 Iniciando consulta Full Tigo a Power BI
2026-01-29 16:43:21 [info] ✔️ Power BI respondió en 700 ms
2026-01-29 16:43:21 [info] ✔️ Data formateada correctamente en full tigo
2026-01-29 16:43:21 [info] 📡 Iniciando consulta Full Tigo Matriz a Power BI
2026-01-29 16:43:21 [info] ✔️ Power BI respondió en 209 ms
2026-01-29 16:43:21 [info] ✔️ Data formateada correctamente en full tigo Matriz
2026-01-29 16:43:21 [error] ReferenceError: w is not defined
    at getFullTigoDatMatrizData (C:\Users\jcbotero\Documents\Emtelco-uniphore coflow\my-express-api\src\services\getFullTigoMatriz.js:37:5)
    at process.processTicksAndRejections (node:internal/process/task_queues:95:5)
    at async getUserInfo (C:\Users\jcbotero\Documents\Emtelco-uniphore coflow\my-express-api\src\controllers\index.js:22:37)
2026-01-29 16:43:43 [info] 📥 Nueva solicitud a /userinfo
2026-01-29 16:43:43 [info] 📡 Iniciando consulta Full Tigo a Power BI
2026-01-29 16:43:44 [info] ✔️ Power BI respondió en 647 ms
2026-01-29 16:43:44 [info] ✔️ Data formateada correctamente en full tigo
2026-01-29 16:43:44 [info] 📡 Iniciando consulta Full Tigo Matriz a Power BI
2026-01-29 16:43:44 [info] ✔️ Power BI respondió en 199 ms
2026-01-29 16:43:44 [info] ✔️ Data formateada correctamente en full tigo Matriz
2026-01-29 16:44:13 [info] 📥 Nueva solicitud a /userinfo
2026-01-29 16:44:13 [info] 📡 Iniciando consulta Full Tigo a Power BI
2026-01-29 16:44:14 [info] ✔️ Power BI respondió en 670 ms
2026-01-29 16:44:14 [info] ✔️ Data formateada correctamente en full tigo
2026-01-29 16:44:14 [info] 📡 Iniciando consulta Full Tigo Matriz a Power BI
2026-01-29 16:44:14 [info] ✔️ Power BI respondió en 197 ms
2026-01-29 16:44:14 [info] ✔️ Data formateada correctamente en full tigo Matriz
2026-01-29 16:45:19 [info] 📥 Nueva solicitud a /userinfo
2026-01-29 16:45:19 [info] 📡 Iniciando consulta Full Tigo a Power BI
2026-01-29 16:45:20 [info] ✔️ Power BI respondió en 640 ms
2026-01-29 16:45:20 [info] ✔️ Data formateada correctamente en full tigo
2026-01-29 16:45:20 [info] 📡 Iniciando consulta Full Tigo Matriz a Power BI
2026-01-29 16:45:20 [info] ✔️ Power BI respondió en 205 ms
2026-01-29 16:45:20 [info] ✔️ Data formateada correctamente en full tigo Matriz
2026-01-29 16:46:25 [info] 📥 Nueva solicitud a /userinfo
2026-01-29 16:46:25 [info] 📡 Iniciando consulta Full Tigo a Power BI
2026-01-29 16:46:25 [info] ✔️ Power BI respondió en 652 ms
2026-01-29 16:46:25 [info] ✔️ Data formateada correctamente en full tigo
2026-01-29 16:46:25 [info] 📡 Iniciando consulta Full Tigo Matriz a Power BI
2026-01-29 16:46:26 [info] ✔️ Power BI respondió en 203 ms
2026-01-29 16:46:26 [info] ✔️ Data formateada correctamente en full tigo Matriz
2026-01-29 16:46:59 [info] 📥 Nueva solicitud a /userinfo
2026-01-29 16:46:59 [info] 📡 Iniciando consulta Full Tigo a Power BI
2026-01-29 16:46:59 [info] ✔️ Power BI respondió en 639 ms
2026-01-29 16:46:59 [info] ✔️ Data formateada correctamente en full tigo
2026-01-29 16:46:59 [info] 📡 Iniciando consulta Full Tigo Matriz a Power BI
2026-01-29 16:47:00 [info] ✔️ Power BI respondió en 207 ms
2026-01-29 16:47:00 [info] ✔️ Data formateada correctamente en full tigo Matriz
2026-01-29 16:47:40 [info] 📥 Nueva solicitud a /userinfo
2026-01-29 16:47:40 [info] 📡 Iniciando consulta Full Tigo a Power BI
2026-01-29 16:47:40 [info] ✔️ Power BI respondió en 655 ms
2026-01-29 16:47:40 [info] ✔️ Data formateada correctamente en full tigo
2026-01-29 16:47:40 [info] 📡 Iniciando consulta Full Tigo Matriz a Power BI
2026-01-29 16:47:40 [info] ✔️ Power BI respondió en 208 ms
2026-01-29 16:47:40 [info] ✔️ Data formateada correctamente en full tigo Matriz
2026-01-29 16:48:14 [info] 📥 Nueva solicitud a /userinfo
2026-01-29 16:48:14 [info] 📡 Iniciando consulta Full Tigo a Power BI
2026-01-29 16:48:15 [info] ✔️ Power BI respondió en 634 ms
2026-01-29 16:48:15 [info] ✔️ Data formateada correctamente en full tigo
2026-01-29 16:48:15 [info] 📡 Iniciando consulta Full Tigo Matriz a Power BI
2026-01-29 16:48:15 [info] ✔️ Power BI respondió en 197 ms
2026-01-29 16:48:15 [info] ✔️ Data formateada correctamente en full tigo Matriz
2026-01-29 16:49:46 [info] 📥 Nueva solicitud a /userinfo
2026-01-29 16:49:46 [info] 📡 Iniciando consulta Full Tigo a Power BI
2026-01-29 16:49:47 [info] ✔️ Power BI respondió en 656 ms
2026-01-29 16:49:47 [info] ✔️ Data formateada correctamente en full tigo
2026-01-29 16:49:47 [info] 📡 Iniciando consulta Full Tigo Matriz a Power BI
2026-01-29 16:49:47 [info] ✔️ Power BI respondió en 196 ms
2026-01-29 16:49:47 [info] ✔️ Data formateada correctamente en full tigo Matriz
2026-01-29 16:50:35 [info] 📥 Nueva solicitud a /userinfo
2026-01-29 16:50:35 [info] 📡 Iniciando consulta Full Tigo a Power BI
2026-01-29 16:50:36 [info] ✔️ Power BI respondió en 657 ms
2026-01-29 16:50:36 [info] ✔️ Data formateada correctamente en full tigo
2026-01-29 16:50:36 [info] 📡 Iniciando consulta Full Tigo Matriz a Power BI
2026-01-29 16:50:36 [info] ✔️ Power BI respondió en 195 ms
2026-01-29 16:50:36 [info] ✔️ Data formateada correctamente en full tigo Matriz
2026-01-29 16:50:47 [info] 📥 Nueva solicitud a /userinfo
2026-01-29 16:50:47 [info] 📡 Iniciando consulta Full Tigo a Power BI
2026-01-29 16:50:48 [info] ✔️ Power BI respondió en 665 ms
2026-01-29 16:50:48 [info] ✔️ Data formateada correctamente en full tigo
2026-01-29 16:50:48 [info] 📡 Iniciando consulta Full Tigo Matriz a Power BI
2026-01-29 16:50:48 [info] ✔️ Power BI respondió en 193 ms
2026-01-29 16:50:48 [info] ✔️ Data formateada correctamente en full tigo Matriz
2026-01-29 17:03:23 [info] 📥 Nueva solicitud a /userinfo
2026-01-29 17:03:23 [info] 📡 Iniciando consulta Full Tigo a Power BI
2026-01-29 17:03:23 [info] ✔️ Power BI respondió en 674 ms
2026-01-29 17:03:23 [info] ✔️ Data formateada correctamente en full tigo
2026-01-29 17:03:23 [info] 📡 Iniciando consulta Full Tigo Matriz a Power BI
2026-01-29 17:03:24 [info] ✔️ Power BI respondió en 838 ms
2026-01-29 17:03:24 [info] ✔️ Data formateada correctamente en full tigo Matriz
2026-01-29 17:03:54 [info] 📥 Nueva solicitud a /userinfo
2026-01-29 17:03:54 [info] 📡 Iniciando consulta Full Tigo a Power BI
2026-01-29 17:03:54 [info] ✔️ Power BI respondió en 657 ms
2026-01-29 17:03:54 [info] ✔️ Data formateada correctamente en full tigo
2026-01-29 17:03:54 [info] 📡 Iniciando consulta Full Tigo Matriz a Power BI
2026-01-29 17:03:55 [info] ✔️ Power BI respondió en 307 ms
2026-01-29 17:03:55 [info] ✔️ Data formateada correctamente en full tigo Matriz
2026-01-29 17:04:14 [info] 📥 Nueva solicitud a /userinfo
2026-01-29 17:04:14 [info] 📡 Iniciando consulta Full Tigo a Power BI
2026-01-29 17:04:15 [info] ✔️ Power BI respondió en 641 ms
2026-01-29 17:04:15 [info] ✔️ Data formateada correctamente en full tigo
2026-01-29 17:04:15 [info] 📡 Iniciando consulta Full Tigo Matriz a Power BI
2026-01-29 17:04:15 [info] ✔️ Power BI respondió en 303 ms
2026-01-29 17:04:15 [info] ✔️ Data formateada correctamente en full tigo Matriz
2026-01-29 17:04:26 [info] 📥 Nueva solicitud a /userinfo
2026-01-29 17:04:26 [info] 📡 Iniciando consulta Full Tigo a Power BI
2026-01-29 17:04:27 [info] ✔️ Power BI respondió en 645 ms
2026-01-29 17:04:27 [info] ✔️ Data formateada correctamente en full tigo
2026-01-29 17:04:27 [info] 📡 Iniciando consulta Full Tigo Matriz a Power BI
2026-01-29 17:04:27 [info] ✔️ Power BI respondió en 301 ms
2026-01-29 17:04:27 [info] ✔️ Data formateada correctamente en full tigo Matriz
2026-01-29 17:05:56 [info] 📥 Nueva solicitud a /userinfo
2026-01-29 17:05:56 [info] 📡 Iniciando consulta Full Tigo a Power BI
2026-01-29 17:05:56 [info] ✔️ Power BI respondió en 650 ms
2026-01-29 17:05:56 [info] ✔️ Data formateada correctamente en full tigo
2026-01-29 17:05:56 [info] 📡 Iniciando consulta Full Tigo Matriz a Power BI
2026-01-29 17:05:56 [info] ✔️ Power BI respondió en 305 ms
2026-01-29 17:05:56 [info] ✔️ Data formateada correctamente en full tigo Matriz
2026-01-29 17:06:29 [info] 📥 Nueva solicitud a /userinfo
2026-01-29 17:06:29 [info] 📡 Iniciando consulta Full Tigo a Power BI
2026-01-29 17:06:30 [info] ✔️ Power BI respondió en 694 ms
2026-01-29 17:06:30 [info] ✔️ Data formateada correctamente en full tigo
2026-01-29 17:06:30 [info] 📡 Iniciando consulta Full Tigo Matriz a Power BI
2026-01-29 17:06:30 [info] ✔️ Power BI respondió en 312 ms
2026-01-29 17:06:30 [info] ✔️ Data formateada correctamente en full tigo Matriz
2026-01-29 17:06:54 [info] 📥 Nueva solicitud a /userinfo
2026-01-29 17:06:54 [info] 📡 Iniciando consulta Full Tigo a Power BI
2026-01-29 17:06:54 [info] ✔️ Power BI respondió en 673 ms
2026-01-29 17:06:54 [info] ✔️ Data formateada correctamente en full tigo
2026-01-29 17:06:54 [info] 📡 Iniciando consulta Full Tigo Matriz a Power BI
2026-01-29 17:06:55 [info] ✔️ Power BI respondió en 308 ms
2026-01-29 17:06:55 [info] ✔️ Data formateada correctamente en full tigo Matriz
2026-01-29 17:28:47 [info] 📥 Nueva solicitud a /userinfo
2026-01-29 17:28:47 [info] 📡 Iniciando consulta Full Tigo a Power BI
2026-01-29 17:28:48 [info] ✔️ Power BI respondió en 1216 ms
2026-01-29 17:28:48 [info] ✔️ Data formateada correctamente en full tigo
2026-01-29 17:28:48 [info] 📡 Iniciando consulta Full Tigo Matriz a Power BI
2026-01-29 17:28:48 [info] ✔️ Power BI respondió en 413 ms
2026-01-29 17:28:48 [info] ✔️ Data formateada correctamente en full tigo Matriz
2026-01-29 17:28:59 [info] 📥 Nueva solicitud a /userinfo
2026-01-29 17:28:59 [info] 📡 Iniciando consulta Full Tigo a Power BI
2026-01-29 17:29:00 [info] ✔️ Power BI respondió en 595 ms
2026-01-29 17:29:00 [info] ✔️ Data formateada correctamente en full tigo
2026-01-29 17:29:00 [info] 📡 Iniciando consulta Full Tigo Matriz a Power BI
2026-01-29 17:29:00 [info] ✔️ Power BI respondió en 304 ms
2026-01-29 17:29:00 [info] ✔️ Data formateada correctamente en full tigo Matriz
2026-01-29 17:30:38 [info] 📥 Nueva solicitud a /userinfo
2026-01-29 17:30:38 [info] 📡 Iniciando consulta Full Tigo a Power BI
2026-01-29 17:30:39 [info] ✔️ Power BI respondió en 882 ms
2026-01-29 17:30:39 [info] ✔️ Data formateada correctamente en full tigo
2026-01-29 17:30:39 [error] TypeError: Cannot read properties of undefined (reading 'G0')
    at getFullTigoData (C:\Users\jcbotero\Documents\Emtelco-uniphore coflow\my-express-api\src\services\getFullTigoMessage.js:45:74)
    at process.processTicksAndRejections (node:internal/process/task_queues:95:5)
    at async getUserInfo (C:\Users\jcbotero\Documents\Emtelco-uniphore coflow\my-express-api\src\controllers\index.js:21:31)
2026-01-29 17:30:39 [info] 📡 Iniciando consulta Full Tigo Matriz a Power BI
2026-01-29 17:30:40 [info] ✔️ Power BI respondió en 418 ms
2026-01-29 17:30:40 [info] ✔️ Data formateada correctamente en full tigo Matriz
2026-01-29 17:30:44 [info] 📥 Nueva solicitud a /userinfo
2026-01-29 17:30:44 [info] 📡 Iniciando consulta Full Tigo a Power BI
2026-01-29 17:30:45 [info] ✔️ Power BI respondió en 493 ms
2026-01-29 17:30:45 [info] ✔️ Data formateada correctamente en full tigo
2026-01-29 17:30:45 [error] TypeError: Cannot read properties of undefined (reading 'G0')
    at getFullTigoData (C:\Users\jcbotero\Documents\Emtelco-uniphore coflow\my-express-api\src\services\getFullTigoMessage.js:45:74)
    at process.processTicksAndRejections (node:internal/process/task_queues:95:5)
    at async getUserInfo (C:\Users\jcbotero\Documents\Emtelco-uniphore coflow\my-express-api\src\controllers\index.js:21:31)
2026-01-29 17:30:45 [info] 📡 Iniciando consulta Full Tigo Matriz a Power BI
2026-01-29 17:30:45 [info] ✔️ Power BI respondió en 305 ms
2026-01-29 17:30:45 [info] ✔️ Data formateada correctamente en full tigo Matriz
2026-01-29 17:31:48 [info] 📥 Nueva solicitud a /userinfo
2026-01-29 17:31:48 [info] 📡 Iniciando consulta Full Tigo a Power BI
2026-01-29 17:31:49 [info] ✔️ Power BI respondió en 650 ms
2026-01-29 17:31:49 [info] ✔️ Data formateada correctamente en full tigo
2026-01-29 17:31:49 [error] TypeError: Cannot read properties of undefined (reading 'G0')
    at getFullTigoData (C:\Users\jcbotero\Documents\Emtelco-uniphore coflow\my-express-api\src\services\getFullTigoMessage.js:45:74)
    at process.processTicksAndRejections (node:internal/process/task_queues:95:5)
    at async getUserInfo (C:\Users\jcbotero\Documents\Emtelco-uniphore coflow\my-express-api\src\controllers\index.js:21:31)
2026-01-29 17:31:49 [info] 📡 Iniciando consulta Full Tigo Matriz a Power BI
2026-01-29 17:31:49 [info] ✔️ Power BI respondió en 312 ms
2026-01-29 17:31:49 [info] ✔️ Data formateada correctamente en full tigo Matriz
2026-01-29 17:32:55 [info] 📥 Nueva solicitud a /userinfo
2026-01-29 17:32:55 [info] 📡 Iniciando consulta Full Tigo a Power BI
2026-01-29 17:32:56 [info] ✔️ Power BI respondió en 659 ms
2026-01-29 17:32:56 [info] ✔️ Data formateada correctamente en full tigo
2026-01-29 17:32:56 [info] 📡 Iniciando consulta Full Tigo Matriz a Power BI
2026-01-29 17:32:56 [info] ✔️ Power BI respondió en 307 ms
2026-01-29 17:32:56 [info] ✔️ Data formateada correctamente en full tigo Matriz
2026-01-29 17:34:25 [info] 📥 Nueva solicitud a /userinfo
2026-01-29 17:34:25 [info] 📡 Iniciando consulta Full Tigo a Power BI
2026-01-29 17:34:25 [info] ✔️ Power BI respondió en 676 ms
2026-01-29 17:34:25 [info] ✔️ Data formateada correctamente en full tigo
2026-01-29 17:34:25 [info] 📡 Iniciando consulta Full Tigo Matriz a Power BI
2026-01-29 17:34:26 [info] ✔️ Power BI respondió en 303 ms
2026-01-29 17:34:26 [info] ✔️ Data formateada correctamente en full tigo Matriz
2026-01-29 17:34:49 [info] 📥 Nueva solicitud a /userinfo
2026-01-29 17:34:49 [info] 📡 Iniciando consulta Full Tigo a Power BI
2026-01-29 17:34:50 [info] ✔️ Power BI respondió en 597 ms
2026-01-29 17:34:50 [info] ✔️ Data formateada correctamente en full tigo
2026-01-29 17:36:18 [info] 📥 Nueva solicitud a /userinfo
2026-01-29 17:36:18 [info] 📡 Iniciando consulta Full Tigo a Power BI
2026-01-29 17:36:19 [info] ✔️ Power BI respondió en 654 ms
2026-01-29 17:36:19 [info] ✔️ Data formateada correctamente en full tigo
2026-01-29 17:36:19 [info] 📡 Iniciando consulta Full Tigo Matriz a Power BI
2026-01-29 17:36:19 [info] ✔️ Power BI respondió en 298 ms
2026-01-29 17:36:19 [info] ✔️ Data formateada correctamente en full tigo Matriz
2026-02-02 10:18:29 [info] 📥 Nueva solicitud a /userinfo
2026-02-02 10:18:29 [info] 📡 Iniciando consulta Full Tigo a Power BI
2026-02-02 10:18:31 [info] ✔️ Power BI respondió en 1312 ms
2026-02-02 10:18:31 [info] ✔️ Data formateada correctamente en full tigo
2026-02-02 10:18:31 [info] 📡 Iniciando consulta Full Tigo Matriz a Power BI
2026-02-02 10:18:31 [info] ✔️ Power BI respondió en 308 ms
2026-02-02 10:18:31 [info] ✔️ Data formateada correctamente en full tigo Matriz
2026-02-10 14:44:23 [info] 📥 Nueva solicitud a /userinfo
2026-02-10 14:44:23 [info] 🔍 Ejecutando getOfferInfo()...
2026-02-10 14:44:23 [info] 📡 Iniciando getOfferInfo() para ANI: 331233123
2026-02-10 14:44:23 [info] 🔍 Consultando impacto: 1
2026-02-10 14:44:52 [info] ✔️ Impacto 1 respondió en 28859 ms
2026-02-10 14:44:52 [info] 🔍 Consultando impacto: 2
2026-02-10 14:45:18 [info] ✔️ Impacto 2 respondió en 26278 ms
2026-02-10 14:45:18 [info] 🔍 Consultando impacto: 3
2026-02-10 14:45:44 [info] ✔️ Impacto 3 respondió en 25843 ms
2026-02-10 14:45:44 [info] 🔍 Consultando impacto: 4
2026-02-10 14:45:44 [info] ✔️ Impacto 4 respondió en 212 ms
2026-02-10 14:45:44 [info] 🏁 Finalizando getOfferInfo(). Impacto encontrado: Ninguno
2026-02-10 14:45:44 [warn] ⚠️ Offer Alert indica que no se encontró información
2026-02-10 14:52:07 [info] 📥 Nueva solicitud a /userinfo
2026-02-10 14:52:07 [error] 🔥 ERROR crítico en /userinfo
2026-02-10 14:52:51 [info] 📥 Nueva solicitud a /userinfo
2026-02-10 14:52:51 [info] ⚙️ Cargando datos adicionales porque contiene 'Matriz'
2026-02-10 14:52:51 [info] 📡 Iniciando consulta getFullEquipoData() a Power BI
2026-02-10 14:52:52 [info] ✔️ Power BI respondió en 925 ms
2026-02-10 14:52:52 [info] ✔️ Data formateada correctamente en getFullEquipoData
2026-02-10 14:52:52 [info] ✔️ getFullEquipoData() OK en 929 ms
2026-02-10 14:52:52 [info] 📡 Iniciando getOfferMatrixData() plan="Pospago Fidelizacion 5.0 Plus+ (745|7451) |
Pospago Fidelizacion 5.0 Plus+_V2 (763|7631)"
2026-02-10 14:52:52 [info] ⏳ Consultando matriz y planDetails en paralelo...
2026-02-10 14:52:52 [info] ✔️ Consultas paralelas completadas en 400 ms
2026-02-10 14:52:52 [info] 🏁 Finalizando getOfferMatrixData() correctamente
2026-02-10 14:52:52 [info] ✔️ getOfferMatrixData() OK en 405 ms
2026-02-10 14:52:52 [info] 🎯 /userinfo completado en 1335 ms
2026-02-10 14:52:52 [error] 🔥 ERROR crítico en /userinfo
2026-02-10 14:53:08 [info] 📥 Nueva solicitud a /userinfo
2026-02-10 14:53:08 [info] ⚙️ Cargando datos adicionales porque contiene 'Matriz'
2026-02-10 14:53:08 [info] 📡 Iniciando consulta getFullEquipoData() a Power BI
2026-02-10 14:53:08 [info] ✔️ Power BI respondió en 485 ms
2026-02-10 14:53:08 [info] ✔️ Data formateada correctamente en getFullEquipoData
2026-02-10 14:53:08 [info] ✔️ getFullEquipoData() OK en 488 ms
2026-02-10 14:53:08 [info] 📡 Iniciando getOfferMatrixData() plan="Pospago Fidelizacion 5.0 Plus+ (745|7451) |
Pospago Fidelizacion 5.0 Plus+_V2 (763|7631)"
2026-02-10 14:53:08 [info] ⏳ Consultando matriz y planDetails en paralelo...
2026-02-10 14:53:09 [info] ✔️ Consultas paralelas completadas en 406 ms
2026-02-10 14:53:09 [info] 🏁 Finalizando getOfferMatrixData() correctamente
2026-02-10 14:53:09 [info] ✔️ getOfferMatrixData() OK en 408 ms
2026-02-10 14:53:09 [info] 🎯 /userinfo completado en 896 ms
2026-02-10 14:53:09 [error] 🔥 ERROR crítico en /userinfo
2026-02-10 14:53:27 [info] 📥 Nueva solicitud a /userinfo
2026-02-10 14:53:27 [info] ⚙️ Cargando datos adicionales porque contiene 'Matriz'
2026-02-10 14:53:27 [info] 📡 Iniciando consulta getFullEquipoData() a Power BI
2026-02-10 14:53:28 [info] ✔️ Power BI respondió en 570 ms
2026-02-10 14:53:28 [info] ✔️ Data formateada correctamente en getFullEquipoData
2026-02-10 14:53:28 [info] ✔️ getFullEquipoData() OK en 574 ms
2026-02-10 14:53:28 [info] 📡 Iniciando getOfferMatrixData() plan="Pospago Fidelizacion 5.0 Plus+ (745|7451) |
Pospago Fidelizacion 5.0 Plus+_V2 (763|7631)"
2026-02-10 14:53:28 [info] ⏳ Consultando matriz y planDetails en paralelo...
2026-02-10 14:53:28 [info] ✔️ Consultas paralelas completadas en 417 ms
2026-02-10 14:53:28 [info] 🏁 Finalizando getOfferMatrixData() correctamente
2026-02-10 14:53:28 [info] ✔️ getOfferMatrixData() OK en 421 ms
2026-02-10 14:53:28 [info] 🎯 /userinfo completado en 996 ms
2026-02-10 14:56:08 [info] 📥 Nueva solicitud a /userinfo
2026-02-10 14:56:08 [info] ⚙️ Cargando datos adicionales porque contiene 'Matriz'
2026-02-10 14:56:08 [info] 📡 Iniciando consulta getFullEquipoData() a Power BI
2026-02-10 14:56:08 [info] ✔️ Power BI respondió en 594 ms
2026-02-10 14:56:08 [info] ✔️ Data formateada correctamente en getFullEquipoData
2026-02-10 14:56:08 [info] ✔️ getFullEquipoData() OK en 596 ms
2026-02-10 14:56:08 [info] 📡 Iniciando getOfferMatrixData() plan="Pospago Fidelizacion 5.0 Plus+ (745|7451) |
Pospago Fidelizacion 5.0 Plus+_V2 (763|7631)"
2026-02-10 14:56:08 [info] ⏳ Consultando matriz y planDetails en paralelo...
2026-02-10 14:56:09 [info] ✔️ Consultas paralelas completadas en 394 ms
2026-02-10 14:56:09 [info] 🏁 Finalizando getOfferMatrixData() correctamente
2026-02-10 14:56:09 [info] ✔️ getOfferMatrixData() OK en 397 ms
2026-02-10 14:56:09 [info] 🎯 /userinfo completado en 995 ms
2026-02-10 14:56:30 [info] 📥 Nueva solicitud a /userinfo
2026-02-10 14:56:30 [info] ⚙️ Cargando datos adicionales porque contiene 'Matriz'
2026-02-10 14:56:30 [info] 📡 Iniciando consulta getFullEquipoData() a Power BI
2026-02-10 14:56:30 [info] ✔️ Power BI respondió en 574 ms
2026-02-10 14:56:30 [info] ✔️ Data formateada correctamente en getFullEquipoData
2026-02-10 14:56:30 [info] ✔️ getFullEquipoData() OK en 576 ms
2026-02-10 14:56:30 [info] 📡 Iniciando getOfferMatrixData() plan="Pospago Fidelizacion 5.0 Plus+ (745|7451) |
Pospago Fidelizacion 5.0 Plus+_V2 (763|7631)"
2026-02-10 14:56:30 [info] ⏳ Consultando matriz y planDetails en paralelo...
2026-02-10 14:56:31 [info] ✔️ Consultas paralelas completadas en 417 ms
2026-02-10 14:56:31 [info] 🏁 Finalizando getOfferMatrixData() correctamente
2026-02-10 14:56:31 [info] ✔️ getOfferMatrixData() OK en 441 ms
2026-02-10 14:56:31 [info] 🎯 /userinfo completado en 1019 ms
2026-02-10 14:57:07 [info] 📥 Nueva solicitud a /userinfo
2026-02-10 14:57:07 [info] ⚙️ Cargando datos adicionales porque contiene 'Matriz'
2026-02-10 14:57:07 [info] 📡 Iniciando consulta getFullEquipoData() a Power BI
2026-02-10 14:57:08 [info] ✔️ Power BI respondió en 548 ms
2026-02-10 14:57:08 [info] ✔️ Data formateada correctamente en getFullEquipoData
2026-02-10 14:57:08 [info] ✔️ getFullEquipoData() OK en 552 ms
2026-02-10 14:57:08 [info] 📡 Iniciando getOfferMatrixData() plan="Pospago Fidelizacion 5.0 Plus+ (745|7451) |
Pospago Fidelizacion 5.0 Plus+_V2 (763|7631)"
2026-02-10 14:57:08 [info] ⏳ Consultando matriz y planDetails en paralelo...
2026-02-10 14:57:08 [info] ✔️ Consultas paralelas completadas en 396 ms
2026-02-10 14:57:08 [info] 🏁 Finalizando getOfferMatrixData() correctamente
2026-02-10 14:57:08 [info] ✔️ getOfferMatrixData() OK en 399 ms
2026-02-10 14:57:08 [info] 🎯 /userinfo completado en 953 ms
2026-02-10 14:57:35 [info] 📥 Nueva solicitud a /userinfo
2026-02-10 14:57:35 [info] ⚙️ Cargando datos adicionales porque contiene 'Matriz'
2026-02-10 14:57:35 [info] 📡 Iniciando consulta getFullEquipoData() a Power BI
2026-02-10 14:57:35 [info] ✔️ Power BI respondió en 547 ms
2026-02-10 14:57:35 [info] ✔️ Data formateada correctamente en getFullEquipoData
2026-02-10 14:57:35 [info] ✔️ getFullEquipoData() OK en 552 ms
2026-02-10 14:57:35 [info] 📡 Iniciando getOfferMatrixData() plan="Pospago Fidelizacion 5.0 Plus+ (745|7451) |
Pospago Fidelizacion 5.0 Plus+_V2 (763|7631)"
2026-02-10 14:57:35 [info] ⏳ Consultando matriz y planDetails en paralelo...
2026-02-10 14:57:36 [info] ✔️ Consultas paralelas completadas en 401 ms
2026-02-10 14:57:36 [info] 🏁 Finalizando getOfferMatrixData() correctamente
2026-02-10 14:57:36 [info] ✔️ getOfferMatrixData() OK en 407 ms
2026-02-10 14:57:36 [info] 🎯 /userinfo completado en 960 ms
2026-02-10 14:59:27 [info] 📥 Nueva solicitud a /userinfo
2026-02-10 14:59:27 [info] ⚙️ Cargando datos adicionales porque contiene 'Matriz'
2026-02-10 14:59:27 [info] 📡 Iniciando consulta getFullEquipoData() a Power BI
2026-02-10 14:59:27 [info] ✔️ Power BI respondió en 599 ms
2026-02-10 14:59:27 [info] ✔️ Data formateada correctamente en getFullEquipoData
2026-02-10 14:59:27 [info] ✔️ getFullEquipoData() OK en 602 ms
2026-02-10 14:59:27 [info] 📡 Iniciando getOfferMatrixData() plan="Pospago Fidelizacion 5.0 Plus+ (745|7451) |
Pospago Fidelizacion 5.0 Plus+_V2 (763|7631)"
2026-02-10 14:59:27 [info] ⏳ Consultando matriz y planDetails en paralelo...
2026-02-10 14:59:30 [info] ✔️ Consultas paralelas completadas en 2746 ms
2026-02-10 14:59:30 [info] 🏁 Finalizando getOfferMatrixData() correctamente
2026-02-10 14:59:30 [info] ✔️ getOfferMatrixData() OK en 2750 ms
2026-02-10 14:59:30 [info] 🎯 /userinfo completado en 3354 ms
2026-02-10 14:59:52 [info] 📥 Nueva solicitud a /userinfo
2026-02-10 14:59:52 [info] ⚙️ Cargando datos adicionales porque contiene 'Matriz'
2026-02-10 14:59:52 [info] 📡 Iniciando consulta getFullEquipoData() a Power BI
2026-02-10 14:59:52 [info] ✔️ Power BI respondió en 576 ms
2026-02-10 14:59:52 [info] ✔️ Data formateada correctamente en getFullEquipoData
2026-02-10 14:59:52 [info] ✔️ getFullEquipoData() OK en 578 ms
2026-02-10 14:59:52 [info] 📡 Iniciando getOfferMatrixData() plan="Pospago Fidelizacion 5.0 Plus+ (745|7451) |
Pospago Fidelizacion 5.0 Plus+_V2 (763|7631)"
2026-02-10 14:59:52 [info] ⏳ Consultando matriz y planDetails en paralelo...
2026-02-10 14:59:53 [info] ✔️ Consultas paralelas completadas en 388 ms
2026-02-10 14:59:53 [info] 🏁 Finalizando getOfferMatrixData() correctamente
2026-02-10 14:59:53 [info] ✔️ getOfferMatrixData() OK en 392 ms
2026-02-10 14:59:53 [info] 🎯 /userinfo completado en 972 ms
2026-02-10 15:00:20 [info] 📥 Nueva solicitud a /userinfo
2026-02-10 15:00:20 [info] ⚙️ Cargando datos adicionales porque contiene 'Matriz'
2026-02-10 15:00:20 [info] 📡 Iniciando consulta getFullEquipoData() a Power BI
2026-02-10 15:00:20 [info] ✔️ Power BI respondió en 571 ms
2026-02-10 15:00:20 [info] ✔️ Data formateada correctamente en getFullEquipoData
2026-02-10 15:00:20 [info] ✔️ getFullEquipoData() OK en 575 ms
2026-02-10 15:00:20 [info] 📡 Iniciando getOfferMatrixData() plan="Pospago Fidelizacion 5.0 Plus+ (745|7451) |
Pospago Fidelizacion 5.0 Plus+_V2 (763|7631)"
2026-02-10 15:00:20 [info] ⏳ Consultando matriz y planDetails en paralelo...
2026-02-10 15:00:21 [info] ✔️ Consultas paralelas completadas en 402 ms
2026-02-10 15:00:21 [info] 🏁 Finalizando getOfferMatrixData() correctamente
2026-02-10 15:00:21 [info] ✔️ getOfferMatrixData() OK en 409 ms
2026-02-10 15:00:21 [info] 🎯 /userinfo completado en 986 ms
2026-02-12 11:58:12 [info] 📥 Nueva solicitud a /userinfo
2026-02-12 11:58:57 [info] 📥 Nueva solicitud a /userinfo
2026-02-12 11:58:57 [info] 📡 Iniciando getExcelData() plan="[object Object]"
2026-02-12 11:58:57 [error] TypeError: columna3.endsWith is not a function
    at resolverPlan (C:\Users\jcbotero\Documents\Emtelco-uniphore coflow\my-express-api\src\utilities\planNameID.js:4:25)
    at getExcelData (C:\Users\jcbotero\Documents\Emtelco-uniphore coflow\my-express-api\src\services\getExcelData.js:15:22)
    at getMatrix (C:\Users\jcbotero\Documents\Emtelco-uniphore coflow\my-express-api\src\controllers\index.js:173:7)
    at Layer.handle [as handle_request] (C:\Users\jcbotero\Documents\Emtelco-uniphore coflow\my-express-api\node_modules\express\lib\router\layer.js:95:5)
    at next (C:\Users\jcbotero\Documents\Emtelco-uniphore coflow\my-express-api\node_modules\express\lib\router\route.js:149:13)
    at Route.dispatch (C:\Users\jcbotero\Documents\Emtelco-uniphore coflow\my-express-api\node_modules\express\lib\router\route.js:119:3)
    at Layer.handle [as handle_request] (C:\Users\jcbotero\Documents\Emtelco-uniphore coflow\my-express-api\node_modules\express\lib\router\layer.js:95:5)
    at C:\Users\jcbotero\Documents\Emtelco-uniphore coflow\my-express-api\node_modules\express\lib\router\index.js:284:15
    at Function.process_params (C:\Users\jcbotero\Documents\Emtelco-uniphore coflow\my-express-api\node_modules\express\lib\router\index.js:346:12)
    at next (C:\Users\jcbotero\Documents\Emtelco-uniphore coflow\my-express-api\node_modules\express\lib\router\index.js:280:10)
2026-02-12 11:59:27 [info] 📥 Nueva solicitud a /userinfo
2026-02-12 11:59:27 [info] 📡 Iniciando getExcelData() plan="Pospago Fidelizacion 5.0 Plus+"
2026-02-12 11:59:27 [info] ⏳ Consultando matriz y planDetails en paralelo...
2026-02-12 11:59:27 [info] ✔️ Consultas paralelas completadas en 0 ms
2026-02-12 11:59:27 [info] 🏁 Finalizando getExcelData() correctamente
2026-02-12 12:00:12 [info] 📥 Nueva solicitud a /userinfo
2026-02-12 12:00:12 [info] 📡 Iniciando getExcelData() plan="Pospago Fidelizacion 5.0 Plus+"
2026-02-12 12:00:12 [info] ⏳ Consultando matriz y planDetails en paralelo...
2026-02-12 12:00:12 [info] ✔️ Consultas paralelas completadas en 1 ms
2026-02-12 12:00:12 [info] 🏁 Finalizando getExcelData() correctamente
2026-02-12 12:04:21 [info] 📥 Nueva solicitud a /userinfo
2026-02-12 12:04:21 [info] 📡 Iniciando getExcelData() plan="Pospago Fidelizacion 5.0 Plus+"
2026-02-12 12:04:21 [error] TypeError: tables.reventa.find is not a function
    at getExcelData (C:\Users\jcbotero\Documents\Emtelco-uniphore coflow\my-express-api\src\services\getExcelData.js:16:40)
    at getMatrix (C:\Users\jcbotero\Documents\Emtelco-uniphore coflow\my-express-api\src\controllers\index.js:172:7)
    at Layer.handle [as handle_request] (C:\Users\jcbotero\Documents\Emtelco-uniphore coflow\my-express-api\node_modules\express\lib\router\layer.js:95:5)
    at next (C:\Users\jcbotero\Documents\Emtelco-uniphore coflow\my-express-api\node_modules\express\lib\router\route.js:149:13)
    at Route.dispatch (C:\Users\jcbotero\Documents\Emtelco-uniphore coflow\my-express-api\node_modules\express\lib\router\route.js:119:3)
    at Layer.handle [as handle_request] (C:\Users\jcbotero\Documents\Emtelco-uniphore coflow\my-express-api\node_modules\express\lib\router\layer.js:95:5)
    at C:\Users\jcbotero\Documents\Emtelco-uniphore coflow\my-express-api\node_modules\express\lib\router\index.js:284:15
    at Function.process_params (C:\Users\jcbotero\Documents\Emtelco-uniphore coflow\my-express-api\node_modules\express\lib\router\index.js:346:12)
    at next (C:\Users\jcbotero\Documents\Emtelco-uniphore coflow\my-express-api\node_modules\express\lib\router\index.js:280:10)
    at Function.handle (C:\Users\jcbotero\Documents\Emtelco-uniphore coflow\my-express-api\node_modules\express\lib\router\index.js:175:3)
2026-02-12 12:05:08 [info] 📥 Nueva solicitud a /userinfo
2026-02-12 12:05:08 [info] 📡 Iniciando getExcelData() plan="Pospago Fidelizacion 5.0 Plus+"
2026-02-12 12:05:08 [info] ⏳ Consultando matriz y planDetails en paralelo...
2026-02-12 12:05:08 [info] ✔️ Consultas paralelas completadas en 5 ms
2026-02-12 12:05:08 [info] 🏁 Finalizando getExcelData() correctamente
2026-02-12 12:07:37 [info] 📥 Nueva solicitud a /userinfo
2026-02-12 12:07:37 [info] 📡 Iniciando getExcelData() plan="Pospago Fidelizacion 5.0 Plus+"
2026-02-12 12:07:37 [info] ⏳ Consultando matriz y planDetails en paralelo...
2026-02-12 12:07:37 [info] ✔️ Consultas paralelas completadas en 1 ms
2026-02-12 12:07:37 [info] 🏁 Finalizando getExcelData() correctamente
2026-02-12 12:08:04 [info] 📥 Nueva solicitud a /userinfo
2026-02-12 12:08:04 [info] 📡 Iniciando getExcelData() plan="Pospago Fidelizacion 5.0 Plus+"
2026-02-12 12:08:04 [info] ⏳ Consultando matriz y planDetails en paralelo...
2026-02-12 12:08:04 [info] ✔️ Consultas paralelas completadas en 1 ms
2026-02-12 12:08:04 [info] 🏁 Finalizando getExcelData() correctamente
2026-02-12 12:08:59 [info] 📥 Nueva solicitud a /userinfo
2026-02-12 12:08:59 [info] 📡 Iniciando getExcelData() plan="Pospago Fidelizacion 5.0 Plus+"
2026-02-12 12:08:59 [info] ⏳ Consultando matriz y planDetails en paralelo...
2026-02-12 12:08:59 [info] ✔️ Consultas paralelas completadas en 1 ms
2026-02-12 12:08:59 [info] 🏁 Finalizando getExcelData() correctamente
2026-02-12 12:16:35 [info] 📥 Nueva solicitud a /userinfo
2026-02-12 12:16:35 [info] 📡 Iniciando getExcelData() plan="Pospago Fidelizacion 5.0 Plus+"
2026-02-12 12:16:35 [info] ⏳ Consultando matriz y planDetails en paralelo...
2026-02-12 12:16:35 [info] ✔️ Consultas paralelas completadas en 1 ms
2026-02-12 12:16:35 [info] 🏁 Finalizando getExcelData() correctamente
2026-02-12 12:18:33 [info] 📥 Nueva solicitud a /userinfo
2026-02-12 12:18:33 [info] 📡 Iniciando getExcelData() plan="Pospago Fidelizacion 5.0 Plus+"
2026-02-12 12:18:33 [info] ⏳ Consultando matriz y planDetails en paralelo...
2026-02-12 12:18:33 [info] ✔️ Consultas paralelas completadas en 2 ms
2026-02-12 12:18:33 [info] 🏁 Finalizando getExcelData() correctamente
2026-02-12 12:18:35 [info] 📥 Nueva solicitud a /userinfo
2026-02-12 12:18:35 [info] 📡 Iniciando getExcelData() plan="Pospago Fidelizacion 5.0 Plus+"
2026-02-12 12:18:35 [info] ⏳ Consultando matriz y planDetails en paralelo...
2026-02-12 12:18:35 [info] ✔️ Consultas paralelas completadas en 2 ms
2026-02-12 12:18:35 [info] 🏁 Finalizando getExcelData() correctamente
2026-02-12 12:19:11 [info] 📥 Nueva solicitud a /userinfo
2026-02-12 12:19:11 [info] 📡 Iniciando getExcelData() plan="Pospago Fidelizacion 5.0 Plus+"
2026-02-12 12:19:11 [info] ⏳ Consultando matriz y planDetails en paralelo...
2026-02-12 12:19:11 [info] ✔️ Consultas paralelas completadas en 1 ms
2026-02-12 12:19:11 [info] 🏁 Finalizando getExcelData() correctamente
2026-02-12 12:19:13 [info] 📥 Nueva solicitud a /userinfo
2026-02-12 12:19:13 [info] 📡 Iniciando getExcelData() plan="Pospago Fidelizacion 5.0 Plus+"
2026-02-12 12:19:13 [info] ⏳ Consultando matriz y planDetails en paralelo...
2026-02-12 12:19:13 [info] ✔️ Consultas paralelas completadas en 1 ms
2026-02-12 12:19:13 [info] 🏁 Finalizando getExcelData() correctamente
2026-02-12 12:19:57 [info] 📥 Nueva solicitud a /userinfo
2026-02-12 12:19:57 [info] 📡 Iniciando getExcelData() plan="Pospago Fidelizacion 5.0 Plus+"
2026-02-12 12:19:57 [info] ⏳ Consultando matriz y planDetails en paralelo...
2026-02-12 12:19:57 [info] ✔️ Consultas paralelas completadas en 0 ms
2026-02-12 12:19:57 [info] 🏁 Finalizando getExcelData() correctamente
2026-02-12 12:22:27 [info] 📥 Nueva solicitud a /userinfo
2026-02-12 12:22:27 [info] 📡 Iniciando getExcelData() plan="Pospago Fidelizacion 5.0 Plus+"
2026-02-12 12:22:27 [info] ⏳ Consultando matriz y planDetails en paralelo...
2026-02-12 12:22:27 [info] ✔️ Consultas paralelas completadas en 0 ms
2026-02-12 12:22:27 [info] 🏁 Finalizando getExcelData() correctamente
2026-02-12 12:22:29 [info] 📥 Nueva solicitud a /userinfo
2026-02-12 12:22:29 [info] 📡 Iniciando getExcelData() plan="Pospago Fidelizacion 5.0 Plus+"
2026-02-12 12:22:29 [info] ⏳ Consultando matriz y planDetails en paralelo...
2026-02-12 12:22:29 [info] ✔️ Consultas paralelas completadas en 1 ms
2026-02-12 12:22:29 [info] 🏁 Finalizando getExcelData() correctamente
2026-02-12 14:20:50 [info] 📥 Nueva solicitud a /userinfo
2026-02-12 14:20:50 [info] 📡 Iniciando getExcelData() plan="Pospago Fidelizacion 5.0 Plus+"
2026-02-12 14:20:50 [info] ⏳ Consultando matriz y planDetails en paralelo...
2026-02-12 14:20:50 [info] ✔️ Consultas paralelas completadas en 1 ms
2026-02-12 14:20:50 [info] 🏁 Finalizando getExcelData() correctamente
2026-02-12 14:21:21 [info] 📥 Nueva solicitud a /userinfo
2026-02-12 14:21:21 [info] 📡 Iniciando getExcelData() plan="Pospago Fidelizacion 5.0 Plus+"
2026-02-12 14:21:21 [error] TypeError: Cannot read properties of undefined (reading 'BA+Movil')
    at getExcelData (C:\Users\jcbotero\Documents\Emtelco-uniphore coflow\my-express-api\src\services\getExcelData.js:22:39)
    at getMatrix (C:\Users\jcbotero\Documents\Emtelco-uniphore coflow\my-express-api\src\controllers\index.js:172:7)
    at Layer.handle [as handle_request] (C:\Users\jcbotero\Documents\Emtelco-uniphore coflow\my-express-api\node_modules\express\lib\router\layer.js:95:5)
    at next (C:\Users\jcbotero\Documents\Emtelco-uniphore coflow\my-express-api\node_modules\express\lib\router\route.js:149:13)
    at Route.dispatch (C:\Users\jcbotero\Documents\Emtelco-uniphore coflow\my-express-api\node_modules\express\lib\router\route.js:119:3)
    at Layer.handle [as handle_request] (C:\Users\jcbotero\Documents\Emtelco-uniphore coflow\my-express-api\node_modules\express\lib\router\layer.js:95:5)
    at C:\Users\jcbotero\Documents\Emtelco-uniphore coflow\my-express-api\node_modules\express\lib\router\index.js:284:15
    at Function.process_params (C:\Users\jcbotero\Documents\Emtelco-uniphore coflow\my-express-api\node_modules\express\lib\router\index.js:346:12)
    at next (C:\Users\jcbotero\Documents\Emtelco-uniphore coflow\my-express-api\node_modules\express\lib\router\index.js:280:10)
    at Function.handle (C:\Users\jcbotero\Documents\Emtelco-uniphore coflow\my-express-api\node_modules\express\lib\router\index.js:175:3)
2026-02-12 14:23:00 [info] 📥 Nueva solicitud a /userinfo
2026-02-12 14:23:00 [info] 📡 Iniciando getExcelData() plan="Pospago Fidelizacion 5.0 Plus+"
2026-02-12 14:23:00 [error] TypeError: Cannot read properties of undefined (reading 'BA+Movil')
    at getExcelData (C:\Users\jcbotero\Documents\Emtelco-uniphore coflow\my-express-api\src\services\getExcelData.js:22:39)
    at getMatrix (C:\Users\jcbotero\Documents\Emtelco-uniphore coflow\my-express-api\src\controllers\index.js:172:7)
    at Layer.handle [as handle_request] (C:\Users\jcbotero\Documents\Emtelco-uniphore coflow\my-express-api\node_modules\express\lib\router\layer.js:95:5)
    at next (C:\Users\jcbotero\Documents\Emtelco-uniphore coflow\my-express-api\node_modules\express\lib\router\route.js:149:13)
    at Route.dispatch (C:\Users\jcbotero\Documents\Emtelco-uniphore coflow\my-express-api\node_modules\express\lib\router\route.js:119:3)
    at Layer.handle [as handle_request] (C:\Users\jcbotero\Documents\Emtelco-uniphore coflow\my-express-api\node_modules\express\lib\router\layer.js:95:5)
    at C:\Users\jcbotero\Documents\Emtelco-uniphore coflow\my-express-api\node_modules\express\lib\router\index.js:284:15
    at Function.process_params (C:\Users\jcbotero\Documents\Emtelco-uniphore coflow\my-express-api\node_modules\express\lib\router\index.js:346:12)
    at next (C:\Users\jcbotero\Documents\Emtelco-uniphore coflow\my-express-api\node_modules\express\lib\router\index.js:280:10)
    at Function.handle (C:\Users\jcbotero\Documents\Emtelco-uniphore coflow\my-express-api\node_modules\express\lib\router\index.js:175:3)
2026-02-12 14:24:45 [info] 📥 Nueva solicitud a /userinfo
2026-02-12 14:24:45 [info] 📡 Iniciando getExcelData() plan="Pospago Fidelizacion 5.0 Plus+"
2026-02-12 14:24:45 [error] TypeError: Cannot read properties of undefined (reading 'BA+Movil')
    at getExcelData (C:\Users\jcbotero\Documents\Emtelco-uniphore coflow\my-express-api\src\services\getExcelData.js:22:39)
    at getMatrix (C:\Users\jcbotero\Documents\Emtelco-uniphore coflow\my-express-api\src\controllers\index.js:172:7)
    at Layer.handle [as handle_request] (C:\Users\jcbotero\Documents\Emtelco-uniphore coflow\my-express-api\node_modules\express\lib\router\layer.js:95:5)
    at next (C:\Users\jcbotero\Documents\Emtelco-uniphore coflow\my-express-api\node_modules\express\lib\router\route.js:149:13)
    at Route.dispatch (C:\Users\jcbotero\Documents\Emtelco-uniphore coflow\my-express-api\node_modules\express\lib\router\route.js:119:3)
    at Layer.handle [as handle_request] (C:\Users\jcbotero\Documents\Emtelco-uniphore coflow\my-express-api\node_modules\express\lib\router\layer.js:95:5)
    at C:\Users\jcbotero\Documents\Emtelco-uniphore coflow\my-express-api\node_modules\express\lib\router\index.js:284:15
    at Function.process_params (C:\Users\jcbotero\Documents\Emtelco-uniphore coflow\my-express-api\node_modules\express\lib\router\index.js:346:12)
    at next (C:\Users\jcbotero\Documents\Emtelco-uniphore coflow\my-express-api\node_modules\express\lib\router\index.js:280:10)
    at Function.handle (C:\Users\jcbotero\Documents\Emtelco-uniphore coflow\my-express-api\node_modules\express\lib\router\index.js:175:3)
2026-02-12 14:25:20 [info] 📥 Nueva solicitud a /userinfo
2026-02-12 14:25:20 [info] 📡 Iniciando getExcelData() plan="Pospago Fidelizacion 5.0 Plus+"
2026-02-12 14:25:20 [error] TypeError: Cannot read properties of undefined (reading 'BA+Movil')
    at getExcelData (C:\Users\jcbotero\Documents\Emtelco-uniphore coflow\my-express-api\src\services\getExcelData.js:22:39)
    at getMatrix (C:\Users\jcbotero\Documents\Emtelco-uniphore coflow\my-express-api\src\controllers\index.js:172:7)
    at Layer.handle [as handle_request] (C:\Users\jcbotero\Documents\Emtelco-uniphore coflow\my-express-api\node_modules\express\lib\router\layer.js:95:5)
    at next (C:\Users\jcbotero\Documents\Emtelco-uniphore coflow\my-express-api\node_modules\express\lib\router\route.js:149:13)
    at Route.dispatch (C:\Users\jcbotero\Documents\Emtelco-uniphore coflow\my-express-api\node_modules\express\lib\router\route.js:119:3)
    at Layer.handle [as handle_request] (C:\Users\jcbotero\Documents\Emtelco-uniphore coflow\my-express-api\node_modules\express\lib\router\layer.js:95:5)
    at C:\Users\jcbotero\Documents\Emtelco-uniphore coflow\my-express-api\node_modules\express\lib\router\index.js:284:15
    at Function.process_params (C:\Users\jcbotero\Documents\Emtelco-uniphore coflow\my-express-api\node_modules\express\lib\router\index.js:346:12)
    at next (C:\Users\jcbotero\Documents\Emtelco-uniphore coflow\my-express-api\node_modules\express\lib\router\index.js:280:10)
    at Function.handle (C:\Users\jcbotero\Documents\Emtelco-uniphore coflow\my-express-api\node_modules\express\lib\router\index.js:175:3)
2026-02-12 14:28:11 [info] 📥 Nueva solicitud a /userinfo
2026-02-12 14:28:11 [info] 📡 Iniciando getExcelData() plan="Pospago Fidelizacion 5.0 Plus+"
2026-02-12 14:28:11 [error] TypeError: Cannot read properties of undefined (reading 'BA+Movil')
    at getExcelData (C:\Users\jcbotero\Documents\Emtelco-uniphore coflow\my-express-api\src\services\getExcelData.js:22:39)
    at getMatrix (C:\Users\jcbotero\Documents\Emtelco-uniphore coflow\my-express-api\src\controllers\index.js:172:7)
    at Layer.handle [as handle_request] (C:\Users\jcbotero\Documents\Emtelco-uniphore coflow\my-express-api\node_modules\express\lib\router\layer.js:95:5)
    at next (C:\Users\jcbotero\Documents\Emtelco-uniphore coflow\my-express-api\node_modules\express\lib\router\route.js:149:13)
    at Route.dispatch (C:\Users\jcbotero\Documents\Emtelco-uniphore coflow\my-express-api\node_modules\express\lib\router\route.js:119:3)
    at Layer.handle [as handle_request] (C:\Users\jcbotero\Documents\Emtelco-uniphore coflow\my-express-api\node_modules\express\lib\router\layer.js:95:5)
    at C:\Users\jcbotero\Documents\Emtelco-uniphore coflow\my-express-api\node_modules\express\lib\router\index.js:284:15
    at Function.process_params (C:\Users\jcbotero\Documents\Emtelco-uniphore coflow\my-express-api\node_modules\express\lib\router\index.js:346:12)
    at next (C:\Users\jcbotero\Documents\Emtelco-uniphore coflow\my-express-api\node_modules\express\lib\router\index.js:280:10)
    at Function.handle (C:\Users\jcbotero\Documents\Emtelco-uniphore coflow\my-express-api\node_modules\express\lib\router\index.js:175:3)
2026-02-12 14:28:57 [info] 📥 Nueva solicitud a /userinfo
2026-02-12 14:28:57 [info] 📡 Iniciando getExcelData() plan="Pospago Fidelizacion 5.0 Plus+"
2026-02-12 14:28:57 [error] TypeError: Cannot read properties of undefined (reading 'BA+Movil')
    at getExcelData (C:\Users\jcbotero\Documents\Emtelco-uniphore coflow\my-express-api\src\services\getExcelData.js:22:39)
    at getMatrix (C:\Users\jcbotero\Documents\Emtelco-uniphore coflow\my-express-api\src\controllers\index.js:172:7)
    at Layer.handle [as handle_request] (C:\Users\jcbotero\Documents\Emtelco-uniphore coflow\my-express-api\node_modules\express\lib\router\layer.js:95:5)
    at next (C:\Users\jcbotero\Documents\Emtelco-uniphore coflow\my-express-api\node_modules\express\lib\router\route.js:149:13)
    at Route.dispatch (C:\Users\jcbotero\Documents\Emtelco-uniphore coflow\my-express-api\node_modules\express\lib\router\route.js:119:3)
    at Layer.handle [as handle_request] (C:\Users\jcbotero\Documents\Emtelco-uniphore coflow\my-express-api\node_modules\express\lib\router\layer.js:95:5)
    at C:\Users\jcbotero\Documents\Emtelco-uniphore coflow\my-express-api\node_modules\express\lib\router\index.js:284:15
    at Function.process_params (C:\Users\jcbotero\Documents\Emtelco-uniphore coflow\my-express-api\node_modules\express\lib\router\index.js:346:12)
    at next (C:\Users\jcbotero\Documents\Emtelco-uniphore coflow\my-express-api\node_modules\express\lib\router\index.js:280:10)
    at Function.handle (C:\Users\jcbotero\Documents\Emtelco-uniphore coflow\my-express-api\node_modules\express\lib\router\index.js:175:3)
2026-02-12 14:29:08 [info] 📥 Nueva solicitud a /userinfo
2026-02-12 14:29:08 [info] 📡 Iniciando getExcelData() plan="Pospago Fidelizacion 5.0 Plus+"
2026-02-12 14:29:08 [error] TypeError: Cannot read properties of undefined (reading 'BA+Movil')
    at getExcelData (C:\Users\jcbotero\Documents\Emtelco-uniphore coflow\my-express-api\src\services\getExcelData.js:22:39)
    at getMatrix (C:\Users\jcbotero\Documents\Emtelco-uniphore coflow\my-express-api\src\controllers\index.js:172:7)
    at Layer.handle [as handle_request] (C:\Users\jcbotero\Documents\Emtelco-uniphore coflow\my-express-api\node_modules\express\lib\router\layer.js:95:5)
    at next (C:\Users\jcbotero\Documents\Emtelco-uniphore coflow\my-express-api\node_modules\express\lib\router\route.js:149:13)
    at Route.dispatch (C:\Users\jcbotero\Documents\Emtelco-uniphore coflow\my-express-api\node_modules\express\lib\router\route.js:119:3)
    at Layer.handle [as handle_request] (C:\Users\jcbotero\Documents\Emtelco-uniphore coflow\my-express-api\node_modules\express\lib\router\layer.js:95:5)
    at C:\Users\jcbotero\Documents\Emtelco-uniphore coflow\my-express-api\node_modules\express\lib\router\index.js:284:15
    at Function.process_params (C:\Users\jcbotero\Documents\Emtelco-uniphore coflow\my-express-api\node_modules\express\lib\router\index.js:346:12)
    at next (C:\Users\jcbotero\Documents\Emtelco-uniphore coflow\my-express-api\node_modules\express\lib\router\index.js:280:10)
    at Function.handle (C:\Users\jcbotero\Documents\Emtelco-uniphore coflow\my-express-api\node_modules\express\lib\router\index.js:175:3)
2026-02-12 14:29:31 [info] 📥 Nueva solicitud a /userinfo
2026-02-12 14:29:31 [info] 📡 Iniciando getExcelData() plan="Pospago Fidelizacion 5.0 Plus+"
2026-02-12 14:29:31 [error] TypeError: Cannot read properties of undefined (reading 'BA+Movil')
    at getExcelData (C:\Users\jcbotero\Documents\Emtelco-uniphore coflow\my-express-api\src\services\getExcelData.js:22:39)
    at getMatrix (C:\Users\jcbotero\Documents\Emtelco-uniphore coflow\my-express-api\src\controllers\index.js:172:7)
    at Layer.handle [as handle_request] (C:\Users\jcbotero\Documents\Emtelco-uniphore coflow\my-express-api\node_modules\express\lib\router\layer.js:95:5)
    at next (C:\Users\jcbotero\Documents\Emtelco-uniphore coflow\my-express-api\node_modules\express\lib\router\route.js:149:13)
    at Route.dispatch (C:\Users\jcbotero\Documents\Emtelco-uniphore coflow\my-express-api\node_modules\express\lib\router\route.js:119:3)
    at Layer.handle [as handle_request] (C:\Users\jcbotero\Documents\Emtelco-uniphore coflow\my-express-api\node_modules\express\lib\router\layer.js:95:5)
    at C:\Users\jcbotero\Documents\Emtelco-uniphore coflow\my-express-api\node_modules\express\lib\router\index.js:284:15
    at Function.process_params (C:\Users\jcbotero\Documents\Emtelco-uniphore coflow\my-express-api\node_modules\express\lib\router\index.js:346:12)
    at next (C:\Users\jcbotero\Documents\Emtelco-uniphore coflow\my-express-api\node_modules\express\lib\router\index.js:280:10)
    at Function.handle (C:\Users\jcbotero\Documents\Emtelco-uniphore coflow\my-express-api\node_modules\express\lib\router\index.js:175:3)
2026-02-12 14:30:41 [info] 📥 Nueva solicitud a /userinfo
2026-02-12 14:30:41 [info] 📡 Iniciando getExcelData() plan="Pospago Fidelizacion 5.0 Plus+"
2026-02-12 14:30:41 [error] TypeError: Cannot read properties of undefined (reading 'BA+Movil')
    at getExcelData (C:\Users\jcbotero\Documents\Emtelco-uniphore coflow\my-express-api\src\services\getExcelData.js:22:39)
    at getMatrix (C:\Users\jcbotero\Documents\Emtelco-uniphore coflow\my-express-api\src\controllers\index.js:172:7)
    at Layer.handle [as handle_request] (C:\Users\jcbotero\Documents\Emtelco-uniphore coflow\my-express-api\node_modules\express\lib\router\layer.js:95:5)
    at next (C:\Users\jcbotero\Documents\Emtelco-uniphore coflow\my-express-api\node_modules\express\lib\router\route.js:149:13)
    at Route.dispatch (C:\Users\jcbotero\Documents\Emtelco-uniphore coflow\my-express-api\node_modules\express\lib\router\route.js:119:3)
    at Layer.handle [as handle_request] (C:\Users\jcbotero\Documents\Emtelco-uniphore coflow\my-express-api\node_modules\express\lib\router\layer.js:95:5)
    at C:\Users\jcbotero\Documents\Emtelco-uniphore coflow\my-express-api\node_modules\express\lib\router\index.js:284:15
    at Function.process_params (C:\Users\jcbotero\Documents\Emtelco-uniphore coflow\my-express-api\node_modules\express\lib\router\index.js:346:12)
    at next (C:\Users\jcbotero\Documents\Emtelco-uniphore coflow\my-express-api\node_modules\express\lib\router\index.js:280:10)
    at Function.handle (C:\Users\jcbotero\Documents\Emtelco-uniphore coflow\my-express-api\node_modules\express\lib\router\index.js:175:3)
2026-02-12 14:31:49 [info] 📥 Nueva solicitud a /userinfo
2026-02-12 14:31:49 [info] 📡 Iniciando getExcelData() plan="Pospago Fidelizacion 5.0 Plus+"
2026-02-12 14:31:49 [error] TypeError: Cannot read properties of undefined (reading 'BA+Movil')
    at getExcelData (C:\Users\jcbotero\Documents\Emtelco-uniphore coflow\my-express-api\src\services\getExcelData.js:22:39)
    at getMatrix (C:\Users\jcbotero\Documents\Emtelco-uniphore coflow\my-express-api\src\controllers\index.js:172:7)
    at Layer.handle [as handle_request] (C:\Users\jcbotero\Documents\Emtelco-uniphore coflow\my-express-api\node_modules\express\lib\router\layer.js:95:5)
    at next (C:\Users\jcbotero\Documents\Emtelco-uniphore coflow\my-express-api\node_modules\express\lib\router\route.js:149:13)
    at Route.dispatch (C:\Users\jcbotero\Documents\Emtelco-uniphore coflow\my-express-api\node_modules\express\lib\router\route.js:119:3)
    at Layer.handle [as handle_request] (C:\Users\jcbotero\Documents\Emtelco-uniphore coflow\my-express-api\node_modules\express\lib\router\layer.js:95:5)
    at C:\Users\jcbotero\Documents\Emtelco-uniphore coflow\my-express-api\node_modules\express\lib\router\index.js:284:15
    at Function.process_params (C:\Users\jcbotero\Documents\Emtelco-uniphore coflow\my-express-api\node_modules\express\lib\router\index.js:346:12)
    at next (C:\Users\jcbotero\Documents\Emtelco-uniphore coflow\my-express-api\node_modules\express\lib\router\index.js:280:10)
    at Function.handle (C:\Users\jcbotero\Documents\Emtelco-uniphore coflow\my-express-api\node_modules\express\lib\router\index.js:175:3)
2026-02-12 14:32:08 [info] 📥 Nueva solicitud a /userinfo
2026-02-12 14:32:08 [info] 📡 Iniciando getExcelData() plan="Pospago Fidelizacion 5.0 Plus+"
2026-02-12 14:32:08 [error] TypeError: Cannot read properties of undefined (reading 'BA+Movil')
    at getExcelData (C:\Users\jcbotero\Documents\Emtelco-uniphore coflow\my-express-api\src\services\getExcelData.js:22:39)
    at getMatrix (C:\Users\jcbotero\Documents\Emtelco-uniphore coflow\my-express-api\src\controllers\index.js:172:7)
    at Layer.handle [as handle_request] (C:\Users\jcbotero\Documents\Emtelco-uniphore coflow\my-express-api\node_modules\express\lib\router\layer.js:95:5)
    at next (C:\Users\jcbotero\Documents\Emtelco-uniphore coflow\my-express-api\node_modules\express\lib\router\route.js:149:13)
    at Route.dispatch (C:\Users\jcbotero\Documents\Emtelco-uniphore coflow\my-express-api\node_modules\express\lib\router\route.js:119:3)
    at Layer.handle [as handle_request] (C:\Users\jcbotero\Documents\Emtelco-uniphore coflow\my-express-api\node_modules\express\lib\router\layer.js:95:5)
    at C:\Users\jcbotero\Documents\Emtelco-uniphore coflow\my-express-api\node_modules\express\lib\router\index.js:284:15
    at Function.process_params (C:\Users\jcbotero\Documents\Emtelco-uniphore coflow\my-express-api\node_modules\express\lib\router\index.js:346:12)
    at next (C:\Users\jcbotero\Documents\Emtelco-uniphore coflow\my-express-api\node_modules\express\lib\router\index.js:280:10)
    at Function.handle (C:\Users\jcbotero\Documents\Emtelco-uniphore coflow\my-express-api\node_modules\express\lib\router\index.js:175:3)
2026-02-12 14:32:20 [info] 📥 Nueva solicitud a /userinfo
2026-02-12 14:32:20 [info] 📡 Iniciando getExcelData() plan="Pospago Fidelizacion 5.0 Plus+"
2026-02-12 14:32:20 [error] TypeError: Cannot read properties of undefined (reading 'BA+Movil')
    at getExcelData (C:\Users\jcbotero\Documents\Emtelco-uniphore coflow\my-express-api\src\services\getExcelData.js:22:39)
    at getMatrix (C:\Users\jcbotero\Documents\Emtelco-uniphore coflow\my-express-api\src\controllers\index.js:172:7)
    at Layer.handle [as handle_request] (C:\Users\jcbotero\Documents\Emtelco-uniphore coflow\my-express-api\node_modules\express\lib\router\layer.js:95:5)
    at next (C:\Users\jcbotero\Documents\Emtelco-uniphore coflow\my-express-api\node_modules\express\lib\router\route.js:149:13)
    at Route.dispatch (C:\Users\jcbotero\Documents\Emtelco-uniphore coflow\my-express-api\node_modules\express\lib\router\route.js:119:3)
    at Layer.handle [as handle_request] (C:\Users\jcbotero\Documents\Emtelco-uniphore coflow\my-express-api\node_modules\express\lib\router\layer.js:95:5)
    at C:\Users\jcbotero\Documents\Emtelco-uniphore coflow\my-express-api\node_modules\express\lib\router\index.js:284:15
    at Function.process_params (C:\Users\jcbotero\Documents\Emtelco-uniphore coflow\my-express-api\node_modules\express\lib\router\index.js:346:12)
    at next (C:\Users\jcbotero\Documents\Emtelco-uniphore coflow\my-express-api\node_modules\express\lib\router\index.js:280:10)
    at Function.handle (C:\Users\jcbotero\Documents\Emtelco-uniphore coflow\my-express-api\node_modules\express\lib\router\index.js:175:3)
2026-02-12 14:33:29 [info] 📥 Nueva solicitud a /userinfo
2026-02-12 14:33:29 [info] 📡 Iniciando getExcelData() plan="Pospago Fidelizacion 5.0 Plus+"
2026-02-12 14:33:29 [error] ReferenceError: fullEquipo is not defined
    at getExcelData (C:\Users\jcbotero\Documents\Emtelco-uniphore coflow\my-express-api\src\services\getExcelData.js:21:19)
    at getMatrix (C:\Users\jcbotero\Documents\Emtelco-uniphore coflow\my-express-api\src\controllers\index.js:172:7)
    at Layer.handle [as handle_request] (C:\Users\jcbotero\Documents\Emtelco-uniphore coflow\my-express-api\node_modules\express\lib\router\layer.js:95:5)
    at next (C:\Users\jcbotero\Documents\Emtelco-uniphore coflow\my-express-api\node_modules\express\lib\router\route.js:149:13)
    at Route.dispatch (C:\Users\jcbotero\Documents\Emtelco-uniphore coflow\my-express-api\node_modules\express\lib\router\route.js:119:3)
    at Layer.handle [as handle_request] (C:\Users\jcbotero\Documents\Emtelco-uniphore coflow\my-express-api\node_modules\express\lib\router\layer.js:95:5)
    at C:\Users\jcbotero\Documents\Emtelco-uniphore coflow\my-express-api\node_modules\express\lib\router\index.js:284:15
    at Function.process_params (C:\Users\jcbotero\Documents\Emtelco-uniphore coflow\my-express-api\node_modules\express\lib\router\index.js:346:12)
    at next (C:\Users\jcbotero\Documents\Emtelco-uniphore coflow\my-express-api\node_modules\express\lib\router\index.js:280:10)
    at Function.handle (C:\Users\jcbotero\Documents\Emtelco-uniphore coflow\my-express-api\node_modules\express\lib\router\index.js:175:3)
2026-02-12 14:49:57 [info] 📥 Nueva solicitud a /userinfo
2026-02-12 14:49:57 [info] 📡 Iniciando getExcelData() plan="Pospago Fidelizacion 5.0 Plus+"
2026-02-12 14:49:57 [error] ReferenceError: ofertaFull is not defined
    at getExcelData (C:\Users\jcbotero\Documents\Emtelco-uniphore coflow\my-express-api\src\services\getExcelData.js:21:19)
    at getMatrix (C:\Users\jcbotero\Documents\Emtelco-uniphore coflow\my-express-api\src\controllers\index.js:172:7)
    at Layer.handle [as handle_request] (C:\Users\jcbotero\Documents\Emtelco-uniphore coflow\my-express-api\node_modules\express\lib\router\layer.js:95:5)
    at next (C:\Users\jcbotero\Documents\Emtelco-uniphore coflow\my-express-api\node_modules\express\lib\router\route.js:149:13)
    at Route.dispatch (C:\Users\jcbotero\Documents\Emtelco-uniphore coflow\my-express-api\node_modules\express\lib\router\route.js:119:3)
    at Layer.handle [as handle_request] (C:\Users\jcbotero\Documents\Emtelco-uniphore coflow\my-express-api\node_modules\express\lib\router\layer.js:95:5)
    at C:\Users\jcbotero\Documents\Emtelco-uniphore coflow\my-express-api\node_modules\express\lib\router\index.js:284:15
    at Function.process_params (C:\Users\jcbotero\Documents\Emtelco-uniphore coflow\my-express-api\node_modules\express\lib\router\index.js:346:12)
    at next (C:\Users\jcbotero\Documents\Emtelco-uniphore coflow\my-express-api\node_modules\express\lib\router\index.js:280:10)
    at Function.handle (C:\Users\jcbotero\Documents\Emtelco-uniphore coflow\my-express-api\node_modules\express\lib\router\index.js:175:3)
2026-02-12 14:50:15 [info] 📥 Nueva solicitud a /userinfo
2026-02-12 14:50:15 [info] 📡 Iniciando getExcelData() plan="Pospago Fidelizacion 5.0 Plus+"
2026-02-12 14:50:15 [info] ⏳ Consultando matriz y planDetails en paralelo...
2026-02-12 14:50:15 [info] ✔️ Consultas paralelas completadas en 1 ms
2026-02-12 14:50:15 [info] 🏁 Finalizando getExcelData() correctamente
2026-02-12 14:51:21 [info] 📥 Nueva solicitud a /userinfo
2026-02-12 14:51:21 [info] 📡 Iniciando getExcelData() plan="Pospago Fidelizacion 5.0 Plus+"
2026-02-12 14:51:21 [info] ⏳ Consultando matriz y planDetails en paralelo...
2026-02-12 14:51:21 [info] ✔️ Consultas paralelas completadas en 1 ms
2026-02-12 14:51:21 [info] 🏁 Finalizando getExcelData() correctamente
2026-02-12 14:51:28 [info] 📥 Nueva solicitud a /userinfo
2026-02-12 14:51:28 [info] 📡 Iniciando getExcelData() plan="Pospago Fidelizacion 5.0 Plus+"
2026-02-12 14:51:28 [info] ⏳ Consultando matriz y planDetails en paralelo...
2026-02-12 14:51:28 [info] ✔️ Consultas paralelas completadas en 1 ms
2026-02-12 14:51:28 [info] 🏁 Finalizando getExcelData() correctamente
2026-02-12 14:51:31 [info] 📥 Nueva solicitud a /userinfo
2026-02-12 14:51:31 [info] 📡 Iniciando getExcelData() plan="Pospago Fidelizacion 5.0 Plus+"
2026-02-12 14:51:31 [info] ⏳ Consultando matriz y planDetails en paralelo...
2026-02-12 14:51:31 [info] ✔️ Consultas paralelas completadas en 1 ms
2026-02-12 14:51:31 [info] 🏁 Finalizando getExcelData() correctamente
2026-02-12 14:51:42 [info] 📥 Nueva solicitud a /userinfo
2026-02-12 14:51:42 [info] 📡 Iniciando getExcelData() plan="Pospago Fidelizacion 5.0 Plus+"
2026-02-12 14:51:42 [info] ⏳ Consultando matriz y planDetails en paralelo...
2026-02-12 14:51:42 [info] ✔️ Consultas paralelas completadas en 2 ms
2026-02-12 14:51:42 [info] 🏁 Finalizando getExcelData() correctamente
2026-02-12 14:53:53 [info] 📥 Nueva solicitud a /userinfo
2026-02-12 14:53:53 [info] 📡 Iniciando getExcelData() plan="Pospago Fidelizacion 5.0 Plus+"
2026-02-12 14:53:53 [info] ⏳ Consultando matriz y planDetails en paralelo...
2026-02-12 14:53:53 [info] ✔️ Consultas paralelas completadas en 1 ms
2026-02-12 14:53:53 [info] 🏁 Finalizando getExcelData() correctamente
2026-02-12 14:54:16 [info] 📥 Nueva solicitud a /userinfo
2026-02-12 14:54:16 [info] 📡 Iniciando getExcelData() plan="Pospago 5.19"
2026-02-12 14:54:16 [info] ⏳ Consultando matriz y planDetails en paralelo...
2026-02-12 14:54:16 [info] ✔️ Consultas paralelas completadas en 1 ms
2026-02-12 14:54:16 [info] 🏁 Finalizando getExcelData() correctamente
2026-02-12 14:55:03 [info] 📥 Nueva solicitud a /userinfo
2026-02-12 14:55:03 [info] 📡 Iniciando getExcelData() plan="Pospago 5.19"
2026-02-12 14:55:03 [info] ⏳ Consultando matriz y planDetails en paralelo...
2026-02-12 14:55:03 [info] ✔️ Consultas paralelas completadas en 1 ms
2026-02-12 14:55:03 [info] 🏁 Finalizando getExcelData() correctamente
2026-02-12 15:01:44 [info] 📥 Nueva solicitud a /userinfo
2026-02-12 15:01:44 [info] 📡 Iniciando getExcelData() plan="Pospago 5.19"
2026-02-12 15:01:44 [info] ⏳ Consultando matriz y planDetails en paralelo...
2026-02-12 15:01:44 [info] ✔️ Consultas paralelas completadas en 3 ms
2026-02-12 15:01:44 [info] 🏁 Finalizando getExcelData() correctamente
2026-02-12 15:02:21 [info] 📥 Nueva solicitud a /userinfo
2026-02-12 15:02:21 [info] 📡 Iniciando getExcelData() plan="Pospago 5.19"
2026-02-12 15:02:21 [info] ⏳ Consultando matriz y planDetails en paralelo...
2026-02-12 15:02:21 [info] ✔️ Consultas paralelas completadas en 3 ms
2026-02-12 15:02:21 [info] 🏁 Finalizando getExcelData() correctamente
2026-02-12 15:06:05 [info] 📥 Nueva solicitud a /userinfo
2026-02-12 15:06:05 [info] 📡 Iniciando getExcelData() plan="Pospago 5.19"
2026-02-12 15:06:05 [info] ✔️ Consultas paralelas completadas en 3 ms
2026-02-12 15:06:05 [info] 🏁 Finalizando getExcelData() correctamente
2026-02-12 15:06:16 [info] 📥 Nueva solicitud a /userinfo
2026-02-12 15:06:16 [info] 📡 Iniciando getExcelData() plan="Pospago 5.19"
2026-02-12 15:06:16 [info] ✔️ Consultas paralelas completadas en 3 ms
2026-02-12 15:06:16 [info] 🏁 Finalizando getExcelData() correctamente
2026-02-12 15:08:46 [info] 📥 Nueva solicitud a /userinfo
2026-02-12 15:08:46 [info] 📡 Iniciando getExcelData() plan="Pospago 5.19"
2026-02-12 15:08:47 [info] ✔️ Consultas paralelas completadas en 2 ms
2026-02-12 15:08:47 [info] 🏁 Finalizando getExcelData() correctamente
2026-02-12 15:09:35 [info] 📥 Nueva solicitud a /userinfo
2026-02-12 15:09:35 [info] 📡 Iniciando getExcelData() plan="Pospago 5.19"
2026-02-12 15:09:35 [info] ✔️ Consultas paralelas completadas en 2 ms
2026-02-12 15:09:35 [info] 🏁 Finalizando getExcelData() correctamente
2026-02-12 15:10:25 [info] 📥 Nueva solicitud a /userinfo
2026-02-12 15:10:25 [info] 📡 Iniciando getExcelData() plan="Pospago 5.2 Seg"
2026-02-12 15:10:25 [info] ✔️ Consultas paralelas completadas en 1 ms
2026-02-12 15:10:25 [info] 🏁 Finalizando getExcelData() correctamente
2026-02-12 15:12:56 [info] 📥 Nueva solicitud a /userinfo
2026-02-12 15:12:56 [info] 📡 Iniciando getExcelData() plan="Pospago 5.2 Seg"
2026-02-12 15:12:56 [info] ✔️ Consultas paralelas completadas en 2 ms
2026-02-12 15:12:56 [info] 🏁 Finalizando getExcelData() correctamente
2026-02-13 08:37:47 [info] 📥 Nueva solicitud a /userinfo
2026-02-13 08:37:47 [info] 📡 Iniciando getExcelData() plan="Pospago 5.2 Seg"
2026-02-13 08:37:47 [info] ✔️ Consultas paralelas completadas en 3 ms
2026-02-13 08:37:47 [info] 🏁 Finalizando getExcelData() correctamente
2026-02-13 08:38:05 [info] 📥 Nueva solicitud a /userinfo
2026-02-13 08:38:05 [info] 📡 Iniciando getExcelData() plan="Pospago 5.2 Seg"
2026-02-13 08:38:05 [info] ✔️ Consultas paralelas completadas en 5 ms
2026-02-13 08:38:05 [info] 🏁 Finalizando getExcelData() correctamente
2026-02-13 08:48:25 [info] 📥 Nueva solicitud a /update-matrix
2026-02-13 08:49:47 [info] 📥 Nueva solicitud a /update-matrix
2026-02-13 08:50:13 [info] 📥 Nueva solicitud a /userinfo
2026-02-13 08:50:13 [info] 📡 Iniciando getExcelData() plan="Pospago 5.2 Seg"
2026-02-13 08:50:13 [error] TypeError: Cannot read properties of null (reading 'reventa')
    at getExcelData (C:\Users\jcbotero\Documents\Emtelco-uniphore coflow\my-express-api\src\services\getExcelData.js:17:14)
    at getMatrix (C:\Users\jcbotero\Documents\Emtelco-uniphore coflow\my-express-api\src\controllers\index.js:173:28)
    at Layer.handle [as handle_request] (C:\Users\jcbotero\Documents\Emtelco-uniphore coflow\my-express-api\node_modules\express\lib\router\layer.js:95:5)
    at next (C:\Users\jcbotero\Documents\Emtelco-uniphore coflow\my-express-api\node_modules\express\lib\router\route.js:149:13)
    at Route.dispatch (C:\Users\jcbotero\Documents\Emtelco-uniphore coflow\my-express-api\node_modules\express\lib\router\route.js:119:3)
    at Layer.handle [as handle_request] (C:\Users\jcbotero\Documents\Emtelco-uniphore coflow\my-express-api\node_modules\express\lib\router\layer.js:95:5)
    at C:\Users\jcbotero\Documents\Emtelco-uniphore coflow\my-express-api\node_modules\express\lib\router\index.js:284:15
    at Function.process_params (C:\Users\jcbotero\Documents\Emtelco-uniphore coflow\my-express-api\node_modules\express\lib\router\index.js:346:12)
    at next (C:\Users\jcbotero\Documents\Emtelco-uniphore coflow\my-express-api\node_modules\express\lib\router\index.js:280:10)
    at Function.handle (C:\Users\jcbotero\Documents\Emtelco-uniphore coflow\my-express-api\node_modules\express\lib\router\index.js:175:3)
2026-02-13 08:50:52 [info] 📥 Nueva solicitud a /update-matrix
2026-02-13 08:52:11 [info] 📥 Nueva solicitud a /update-matrix
2026-02-13 08:52:20 [info] 📥 Nueva solicitud a /userinfo
2026-02-13 08:52:20 [info] 📡 Iniciando getExcelData() plan="Pospago 5.2 Seg"
2026-02-13 08:52:20 [info] ✔️ Consultas paralelas completadas en 5 ms
2026-02-13 08:52:20 [info] 🏁 Finalizando getExcelData() correctamente
2026-02-13 13:11:00 [info] 📥 Nueva solicitud a /update-matrix
2026-02-13 13:11:07 [info] 📥 Nueva solicitud a /userinfo
2026-02-13 13:11:07 [info] 📡 Iniciando getExcelData() plan="Pospago 5.2 Seg"
2026-02-13 13:11:07 [info] ✔️ Consultas paralelas completadas en 4 ms
2026-02-13 13:11:07 [info] 🏁 Finalizando getExcelData() correctamente
2026-02-13 13:12:19 [info] 📥 Nueva solicitud a /userinfo
2026-02-13 13:12:19 [info] 📡 Iniciando getExcelData() plan="Pospago 5.2 Seg"
2026-02-13 13:12:19 [error] TypeError: Cannot read properties of null (reading 'reventa')
    at getExcelData (C:\Users\jcbotero\Documents\Emtelco-uniphore coflow\my-express-api\src\services\getExcelData.js:17:14)
    at getMatrix (C:\Users\jcbotero\Documents\Emtelco-uniphore coflow\my-express-api\src\controllers\index.js:173:28)
    at Layer.handle [as handle_request] (C:\Users\jcbotero\Documents\Emtelco-uniphore coflow\my-express-api\node_modules\express\lib\router\layer.js:95:5)
    at next (C:\Users\jcbotero\Documents\Emtelco-uniphore coflow\my-express-api\node_modules\express\lib\router\route.js:149:13)
    at Route.dispatch (C:\Users\jcbotero\Documents\Emtelco-uniphore coflow\my-express-api\node_modules\express\lib\router\route.js:119:3)
    at Layer.handle [as handle_request] (C:\Users\jcbotero\Documents\Emtelco-uniphore coflow\my-express-api\node_modules\express\lib\router\layer.js:95:5)
    at C:\Users\jcbotero\Documents\Emtelco-uniphore coflow\my-express-api\node_modules\express\lib\router\index.js:284:15
    at Function.process_params (C:\Users\jcbotero\Documents\Emtelco-uniphore coflow\my-express-api\node_modules\express\lib\router\index.js:346:12)
    at next (C:\Users\jcbotero\Documents\Emtelco-uniphore coflow\my-express-api\node_modules\express\lib\router\index.js:280:10)
    at Function.handle (C:\Users\jcbotero\Documents\Emtelco-uniphore coflow\my-express-api\node_modules\express\lib\router\index.js:175:3)
2026-02-13 13:12:22 [info] 📥 Nueva solicitud a /userinfo
2026-02-13 13:12:22 [info] 📡 Iniciando getExcelData() plan="Pospago 5.2 Seg"
2026-02-13 13:12:22 [error] TypeError: Cannot read properties of null (reading 'reventa')
    at getExcelData (C:\Users\jcbotero\Documents\Emtelco-uniphore coflow\my-express-api\src\services\getExcelData.js:17:14)
    at getMatrix (C:\Users\jcbotero\Documents\Emtelco-uniphore coflow\my-express-api\src\controllers\index.js:173:28)
    at Layer.handle [as handle_request] (C:\Users\jcbotero\Documents\Emtelco-uniphore coflow\my-express-api\node_modules\express\lib\router\layer.js:95:5)
    at next (C:\Users\jcbotero\Documents\Emtelco-uniphore coflow\my-express-api\node_modules\express\lib\router\route.js:149:13)
    at Route.dispatch (C:\Users\jcbotero\Documents\Emtelco-uniphore coflow\my-express-api\node_modules\express\lib\router\route.js:119:3)
    at Layer.handle [as handle_request] (C:\Users\jcbotero\Documents\Emtelco-uniphore coflow\my-express-api\node_modules\express\lib\router\layer.js:95:5)
    at C:\Users\jcbotero\Documents\Emtelco-uniphore coflow\my-express-api\node_modules\express\lib\router\index.js:284:15
    at Function.process_params (C:\Users\jcbotero\Documents\Emtelco-uniphore coflow\my-express-api\node_modules\express\lib\router\index.js:346:12)
    at next (C:\Users\jcbotero\Documents\Emtelco-uniphore coflow\my-express-api\node_modules\express\lib\router\index.js:280:10)
    at Function.handle (C:\Users\jcbotero\Documents\Emtelco-uniphore coflow\my-express-api\node_modules\express\lib\router\index.js:175:3)
2026-02-13 13:12:25 [info] 📥 Nueva solicitud a /update-matrix
2026-02-13 13:12:27 [info] 📥 Nueva solicitud a /userinfo
2026-02-13 13:12:27 [info] 📡 Iniciando getExcelData() plan="Pospago 5.2 Seg"
2026-02-13 13:12:27 [info] ✔️ Consultas paralelas completadas en 3 ms
2026-02-13 13:12:27 [info] 🏁 Finalizando getExcelData() correctamente
2026-02-13 13:19:09 [info] 📥 Nueva solicitud a /userinfo
2026-02-13 13:19:09 [info] 📡 Iniciando getExcelData() plan="Pospago 5.2 Seg"
2026-02-13 13:19:09 [error] TypeError: Cannot read properties of null (reading 'reventa')
    at getExcelData (C:\Users\jcbotero\Documents\Emtelco-uniphore coflow\my-express-api\src\services\getExcelData.js:17:14)
    at getMatrix (C:\Users\jcbotero\Documents\Emtelco-uniphore coflow\my-express-api\src\controllers\index.js:173:28)
    at Layer.handle [as handle_request] (C:\Users\jcbotero\Documents\Emtelco-uniphore coflow\my-express-api\node_modules\express\lib\router\layer.js:95:5)
    at next (C:\Users\jcbotero\Documents\Emtelco-uniphore coflow\my-express-api\node_modules\express\lib\router\route.js:149:13)
    at Route.dispatch (C:\Users\jcbotero\Documents\Emtelco-uniphore coflow\my-express-api\node_modules\express\lib\router\route.js:119:3)
    at Layer.handle [as handle_request] (C:\Users\jcbotero\Documents\Emtelco-uniphore coflow\my-express-api\node_modules\express\lib\router\layer.js:95:5)
    at C:\Users\jcbotero\Documents\Emtelco-uniphore coflow\my-express-api\node_modules\express\lib\router\index.js:284:15
    at Function.process_params (C:\Users\jcbotero\Documents\Emtelco-uniphore coflow\my-express-api\node_modules\express\lib\router\index.js:346:12)
    at next (C:\Users\jcbotero\Documents\Emtelco-uniphore coflow\my-express-api\node_modules\express\lib\router\index.js:280:10)
    at Function.handle (C:\Users\jcbotero\Documents\Emtelco-uniphore coflow\my-express-api\node_modules\express\lib\router\index.js:175:3)
2026-02-13 13:19:16 [info] 📥 Nueva solicitud a /update-matrix
2026-02-13 13:19:18 [info] 📥 Nueva solicitud a /userinfo
2026-02-13 13:19:18 [info] 📡 Iniciando getExcelData() plan="Pospago 5.2 Seg"
2026-02-13 13:19:18 [info] ✔️ Consultas paralelas completadas en 9 ms
2026-02-13 13:19:18 [info] 🏁 Finalizando getExcelData() correctamente
2026-02-16 10:02:58 [info] 📥 Nueva solicitud a /update-matrix
2026-02-16 10:03:05 [info] 📥 Nueva solicitud a /userinfo
2026-02-16 10:03:05 [info] 📡 Iniciando getExcelData() plan="Pospago 5.2 Seg"
2026-02-16 10:03:05 [info] ✔️ Consultas paralelas completadas en 2 ms
2026-02-16 10:03:05 [info] 🏁 Finalizando getExcelData() correctamente
2026-02-16 10:03:36 [info] 📥 Nueva solicitud a /userinfo
2026-02-16 10:03:36 [info] 📡 Iniciando getExcelData() plan="Pospago 5.2 Seg"
2026-02-16 10:03:36 [error] TypeError: Cannot read properties of null (reading 'reventa')
    at getExcelData (C:\Users\jcbotero\Documents\Emtelco-uniphore coflow\my-express-api\src\services\getExcelData.js:17:14)
    at getMatrix (C:\Users\jcbotero\Documents\Emtelco-uniphore coflow\my-express-api\src\controllers\index.js:173:28)
    at Layer.handle [as handle_request] (C:\Users\jcbotero\Documents\Emtelco-uniphore coflow\my-express-api\node_modules\express\lib\router\layer.js:95:5)
    at next (C:\Users\jcbotero\Documents\Emtelco-uniphore coflow\my-express-api\node_modules\express\lib\router\route.js:149:13)
    at Route.dispatch (C:\Users\jcbotero\Documents\Emtelco-uniphore coflow\my-express-api\node_modules\express\lib\router\route.js:119:3)
    at Layer.handle [as handle_request] (C:\Users\jcbotero\Documents\Emtelco-uniphore coflow\my-express-api\node_modules\express\lib\router\layer.js:95:5)
    at C:\Users\jcbotero\Documents\Emtelco-uniphore coflow\my-express-api\node_modules\express\lib\router\index.js:284:15
    at Function.process_params (C:\Users\jcbotero\Documents\Emtelco-uniphore coflow\my-express-api\node_modules\express\lib\router\index.js:346:12)
    at next (C:\Users\jcbotero\Documents\Emtelco-uniphore coflow\my-express-api\node_modules\express\lib\router\index.js:280:10)
    at Function.handle (C:\Users\jcbotero\Documents\Emtelco-uniphore coflow\my-express-api\node_modules\express\lib\router\index.js:175:3)
2026-02-16 10:03:53 [info] 📥 Nueva solicitud a /update-matrix
2026-02-16 10:03:55 [info] 📥 Nueva solicitud a /userinfo
2026-02-16 10:03:55 [info] 📡 Iniciando getExcelData() plan="Pospago 5.2 Seg"
2026-02-16 10:03:55 [info] ✔️ Consultas paralelas completadas en 3 ms
2026-02-16 10:03:55 [info] 🏁 Finalizando getExcelData() correctamente
2026-02-16 10:08:53 [info] 📥 Nueva solicitud a /update-matrix
2026-02-16 10:08:55 [info] 📥 Nueva solicitud a /userinfo
2026-02-16 10:08:55 [info] 📡 Iniciando getExcelData() plan="Pospago 5.2 Seg"
2026-02-16 10:08:55 [info] ✔️ Consultas paralelas completadas en 1 ms
2026-02-16 10:08:55 [info] 🏁 Finalizando getExcelData() correctamente
2026-02-16 10:13:10 [info] 📥 Nueva solicitud a /update-matrix
2026-02-16 10:13:12 [info] 📥 Nueva solicitud a /userinfo
2026-02-16 10:13:12 [info] 📡 Iniciando getExcelData() plan="Pospago 5.2 Seg"
2026-02-16 10:13:12 [info] ✔️ Consultas paralelas completadas en 0 ms
2026-02-16 10:13:12 [info] 🏁 Finalizando getExcelData() correctamente
2026-02-16 10:18:47 [info] 📥 Nueva solicitud a /userinfo
2026-02-16 10:18:47 [info] 📡 Iniciando getExcelData() plan="Pospago 5.3"
2026-02-16 10:18:47 [error] TypeError: Cannot read properties of undefined (reading 'descripcion')
    at getExcelData (C:\Users\jcbotero\Documents\Emtelco-uniphore coflow\my-express-api\src\services\getExcelData.js:39:37)
    at getMatrix (C:\Users\jcbotero\Documents\Emtelco-uniphore coflow\my-express-api\src\controllers\index.js:173:28)
    at Layer.handle [as handle_request] (C:\Users\jcbotero\Documents\Emtelco-uniphore coflow\my-express-api\node_modules\express\lib\router\layer.js:95:5)
    at next (C:\Users\jcbotero\Documents\Emtelco-uniphore coflow\my-express-api\node_modules\express\lib\router\route.js:149:13)
    at Route.dispatch (C:\Users\jcbotero\Documents\Emtelco-uniphore coflow\my-express-api\node_modules\express\lib\router\route.js:119:3)
    at Layer.handle [as handle_request] (C:\Users\jcbotero\Documents\Emtelco-uniphore coflow\my-express-api\node_modules\express\lib\router\layer.js:95:5)
    at C:\Users\jcbotero\Documents\Emtelco-uniphore coflow\my-express-api\node_modules\express\lib\router\index.js:284:15
    at Function.process_params (C:\Users\jcbotero\Documents\Emtelco-uniphore coflow\my-express-api\node_modules\express\lib\router\index.js:346:12)
    at next (C:\Users\jcbotero\Documents\Emtelco-uniphore coflow\my-express-api\node_modules\express\lib\router\index.js:280:10)
    at Function.handle (C:\Users\jcbotero\Documents\Emtelco-uniphore coflow\my-express-api\node_modules\express\lib\router\index.js:175:3)
2026-02-16 10:18:50 [info] 📥 Nueva solicitud a /update-matrix
2026-02-16 10:18:58 [info] 📥 Nueva solicitud a /userinfo
2026-02-16 10:18:58 [info] 📡 Iniciando getExcelData() plan="Pospago 5.3"
2026-02-16 10:18:58 [error] TypeError: Cannot read properties of undefined (reading 'descripcion')
    at getExcelData (C:\Users\jcbotero\Documents\Emtelco-uniphore coflow\my-express-api\src\services\getExcelData.js:39:37)
    at getMatrix (C:\Users\jcbotero\Documents\Emtelco-uniphore coflow\my-express-api\src\controllers\index.js:173:28)
    at Layer.handle [as handle_request] (C:\Users\jcbotero\Documents\Emtelco-uniphore coflow\my-express-api\node_modules\express\lib\router\layer.js:95:5)
    at next (C:\Users\jcbotero\Documents\Emtelco-uniphore coflow\my-express-api\node_modules\express\lib\router\route.js:149:13)
    at Route.dispatch (C:\Users\jcbotero\Documents\Emtelco-uniphore coflow\my-express-api\node_modules\express\lib\router\route.js:119:3)
    at Layer.handle [as handle_request] (C:\Users\jcbotero\Documents\Emtelco-uniphore coflow\my-express-api\node_modules\express\lib\router\layer.js:95:5)
    at C:\Users\jcbotero\Documents\Emtelco-uniphore coflow\my-express-api\node_modules\express\lib\router\index.js:284:15
    at Function.process_params (C:\Users\jcbotero\Documents\Emtelco-uniphore coflow\my-express-api\node_modules\express\lib\router\index.js:346:12)
    at next (C:\Users\jcbotero\Documents\Emtelco-uniphore coflow\my-express-api\node_modules\express\lib\router\index.js:280:10)
    at Function.handle (C:\Users\jcbotero\Documents\Emtelco-uniphore coflow\my-express-api\node_modules\express\lib\router\index.js:175:3)
2026-02-16 10:19:36 [info] 📥 Nueva solicitud a /userinfo
2026-02-16 10:19:36 [info] 📡 Iniciando getExcelData() plan="Pospago 5.11"
2026-02-16 10:19:36 [error] TypeError: Cannot read properties of undefined (reading 'descripcion')
    at getExcelData (C:\Users\jcbotero\Documents\Emtelco-uniphore coflow\my-express-api\src\services\getExcelData.js:39:37)
    at getMatrix (C:\Users\jcbotero\Documents\Emtelco-uniphore coflow\my-express-api\src\controllers\index.js:173:28)
    at Layer.handle [as handle_request] (C:\Users\jcbotero\Documents\Emtelco-uniphore coflow\my-express-api\node_modules\express\lib\router\layer.js:95:5)
    at next (C:\Users\jcbotero\Documents\Emtelco-uniphore coflow\my-express-api\node_modules\express\lib\router\route.js:149:13)
    at Route.dispatch (C:\Users\jcbotero\Documents\Emtelco-uniphore coflow\my-express-api\node_modules\express\lib\router\route.js:119:3)
    at Layer.handle [as handle_request] (C:\Users\jcbotero\Documents\Emtelco-uniphore coflow\my-express-api\node_modules\express\lib\router\layer.js:95:5)
    at C:\Users\jcbotero\Documents\Emtelco-uniphore coflow\my-express-api\node_modules\express\lib\router\index.js:284:15
    at Function.process_params (C:\Users\jcbotero\Documents\Emtelco-uniphore coflow\my-express-api\node_modules\express\lib\router\index.js:346:12)
    at next (C:\Users\jcbotero\Documents\Emtelco-uniphore coflow\my-express-api\node_modules\express\lib\router\index.js:280:10)
    at Function.handle (C:\Users\jcbotero\Documents\Emtelco-uniphore coflow\my-express-api\node_modules\express\lib\router\index.js:175:3)
2026-02-16 10:19:38 [info] 📥 Nueva solicitud a /update-matrix
2026-02-16 10:19:41 [info] 📥 Nueva solicitud a /userinfo
2026-02-16 10:19:41 [info] 📡 Iniciando getExcelData() plan="Pospago 5.11"
2026-02-16 10:19:41 [error] TypeError: Cannot read properties of undefined (reading 'descripcion')
    at getExcelData (C:\Users\jcbotero\Documents\Emtelco-uniphore coflow\my-express-api\src\services\getExcelData.js:39:37)
    at getMatrix (C:\Users\jcbotero\Documents\Emtelco-uniphore coflow\my-express-api\src\controllers\index.js:173:28)
    at Layer.handle [as handle_request] (C:\Users\jcbotero\Documents\Emtelco-uniphore coflow\my-express-api\node_modules\express\lib\router\layer.js:95:5)
    at next (C:\Users\jcbotero\Documents\Emtelco-uniphore coflow\my-express-api\node_modules\express\lib\router\route.js:149:13)
    at Route.dispatch (C:\Users\jcbotero\Documents\Emtelco-uniphore coflow\my-express-api\node_modules\express\lib\router\route.js:119:3)
    at Layer.handle [as handle_request] (C:\Users\jcbotero\Documents\Emtelco-uniphore coflow\my-express-api\node_modules\express\lib\router\layer.js:95:5)
    at C:\Users\jcbotero\Documents\Emtelco-uniphore coflow\my-express-api\node_modules\express\lib\router\index.js:284:15
    at Function.process_params (C:\Users\jcbotero\Documents\Emtelco-uniphore coflow\my-express-api\node_modules\express\lib\router\index.js:346:12)
    at next (C:\Users\jcbotero\Documents\Emtelco-uniphore coflow\my-express-api\node_modules\express\lib\router\index.js:280:10)
    at Function.handle (C:\Users\jcbotero\Documents\Emtelco-uniphore coflow\my-express-api\node_modules\express\lib\router\index.js:175:3)
2026-02-16 10:19:56 [info] 📥 Nueva solicitud a /userinfo
2026-02-16 10:19:56 [info] 📡 Iniciando getExcelData() plan="Pospago Fidelizacion 5.0 Plus+ FC"
2026-02-16 10:19:56 [error] TypeError: Cannot read properties of undefined (reading 'descripcion')
    at getExcelData (C:\Users\jcbotero\Documents\Emtelco-uniphore coflow\my-express-api\src\services\getExcelData.js:39:37)
    at getMatrix (C:\Users\jcbotero\Documents\Emtelco-uniphore coflow\my-express-api\src\controllers\index.js:173:28)
    at Layer.handle [as handle_request] (C:\Users\jcbotero\Documents\Emtelco-uniphore coflow\my-express-api\node_modules\express\lib\router\layer.js:95:5)
    at next (C:\Users\jcbotero\Documents\Emtelco-uniphore coflow\my-express-api\node_modules\express\lib\router\route.js:149:13)
    at Route.dispatch (C:\Users\jcbotero\Documents\Emtelco-uniphore coflow\my-express-api\node_modules\express\lib\router\route.js:119:3)
    at Layer.handle [as handle_request] (C:\Users\jcbotero\Documents\Emtelco-uniphore coflow\my-express-api\node_modules\express\lib\router\layer.js:95:5)
    at C:\Users\jcbotero\Documents\Emtelco-uniphore coflow\my-express-api\node_modules\express\lib\router\index.js:284:15
    at Function.process_params (C:\Users\jcbotero\Documents\Emtelco-uniphore coflow\my-express-api\node_modules\express\lib\router\index.js:346:12)
    at next (C:\Users\jcbotero\Documents\Emtelco-uniphore coflow\my-express-api\node_modules\express\lib\router\index.js:280:10)
    at Function.handle (C:\Users\jcbotero\Documents\Emtelco-uniphore coflow\my-express-api\node_modules\express\lib\router\index.js:175:3)
2026-02-16 10:19:59 [info] 📥 Nueva solicitud a /update-matrix
2026-02-16 10:20:01 [info] 📥 Nueva solicitud a /userinfo
2026-02-16 10:20:01 [info] 📡 Iniciando getExcelData() plan="Pospago Fidelizacion 5.0 Plus+ FC"
2026-02-16 10:20:01 [error] TypeError: Cannot read properties of undefined (reading 'descripcion')
    at getExcelData (C:\Users\jcbotero\Documents\Emtelco-uniphore coflow\my-express-api\src\services\getExcelData.js:39:37)
    at getMatrix (C:\Users\jcbotero\Documents\Emtelco-uniphore coflow\my-express-api\src\controllers\index.js:173:28)
    at Layer.handle [as handle_request] (C:\Users\jcbotero\Documents\Emtelco-uniphore coflow\my-express-api\node_modules\express\lib\router\layer.js:95:5)
    at next (C:\Users\jcbotero\Documents\Emtelco-uniphore coflow\my-express-api\node_modules\express\lib\router\route.js:149:13)
    at Route.dispatch (C:\Users\jcbotero\Documents\Emtelco-uniphore coflow\my-express-api\node_modules\express\lib\router\route.js:119:3)
    at Layer.handle [as handle_request] (C:\Users\jcbotero\Documents\Emtelco-uniphore coflow\my-express-api\node_modules\express\lib\router\layer.js:95:5)
    at C:\Users\jcbotero\Documents\Emtelco-uniphore coflow\my-express-api\node_modules\express\lib\router\index.js:284:15
    at Function.process_params (C:\Users\jcbotero\Documents\Emtelco-uniphore coflow\my-express-api\node_modules\express\lib\router\index.js:346:12)
    at next (C:\Users\jcbotero\Documents\Emtelco-uniphore coflow\my-express-api\node_modules\express\lib\router\index.js:280:10)
    at Function.handle (C:\Users\jcbotero\Documents\Emtelco-uniphore coflow\my-express-api\node_modules\express\lib\router\index.js:175:3)
2026-02-16 10:20:59 [info] 📥 Nueva solicitud a /userinfo
2026-02-16 10:20:59 [info] 📡 Iniciando getExcelData() plan="Pospago 5.2 seg"
2026-02-16 10:20:59 [error] TypeError: Cannot read properties of undefined (reading 'descripcion')
    at getExcelData (C:\Users\jcbotero\Documents\Emtelco-uniphore coflow\my-express-api\src\services\getExcelData.js:39:37)
    at getMatrix (C:\Users\jcbotero\Documents\Emtelco-uniphore coflow\my-express-api\src\controllers\index.js:173:28)
    at Layer.handle [as handle_request] (C:\Users\jcbotero\Documents\Emtelco-uniphore coflow\my-express-api\node_modules\express\lib\router\layer.js:95:5)
    at next (C:\Users\jcbotero\Documents\Emtelco-uniphore coflow\my-express-api\node_modules\express\lib\router\route.js:149:13)
    at Route.dispatch (C:\Users\jcbotero\Documents\Emtelco-uniphore coflow\my-express-api\node_modules\express\lib\router\route.js:119:3)
    at Layer.handle [as handle_request] (C:\Users\jcbotero\Documents\Emtelco-uniphore coflow\my-express-api\node_modules\express\lib\router\layer.js:95:5)
    at C:\Users\jcbotero\Documents\Emtelco-uniphore coflow\my-express-api\node_modules\express\lib\router\index.js:284:15
    at Function.process_params (C:\Users\jcbotero\Documents\Emtelco-uniphore coflow\my-express-api\node_modules\express\lib\router\index.js:346:12)
    at next (C:\Users\jcbotero\Documents\Emtelco-uniphore coflow\my-express-api\node_modules\express\lib\router\index.js:280:10)
    at Function.handle (C:\Users\jcbotero\Documents\Emtelco-uniphore coflow\my-express-api\node_modules\express\lib\router\index.js:175:3)
2026-02-16 10:21:02 [info] 📥 Nueva solicitud a /update-matrix
2026-02-16 10:21:04 [info] 📥 Nueva solicitud a /userinfo
2026-02-16 10:21:04 [info] 📡 Iniciando getExcelData() plan="Pospago 5.2 seg"
2026-02-16 10:21:04 [error] TypeError: Cannot read properties of undefined (reading 'descripcion')
    at getExcelData (C:\Users\jcbotero\Documents\Emtelco-uniphore coflow\my-express-api\src\services\getExcelData.js:39:37)
    at getMatrix (C:\Users\jcbotero\Documents\Emtelco-uniphore coflow\my-express-api\src\controllers\index.js:173:28)
    at Layer.handle [as handle_request] (C:\Users\jcbotero\Documents\Emtelco-uniphore coflow\my-express-api\node_modules\express\lib\router\layer.js:95:5)
    at next (C:\Users\jcbotero\Documents\Emtelco-uniphore coflow\my-express-api\node_modules\express\lib\router\route.js:149:13)
    at Route.dispatch (C:\Users\jcbotero\Documents\Emtelco-uniphore coflow\my-express-api\node_modules\express\lib\router\route.js:119:3)
    at Layer.handle [as handle_request] (C:\Users\jcbotero\Documents\Emtelco-uniphore coflow\my-express-api\node_modules\express\lib\router\layer.js:95:5)
    at C:\Users\jcbotero\Documents\Emtelco-uniphore coflow\my-express-api\node_modules\express\lib\router\index.js:284:15
    at Function.process_params (C:\Users\jcbotero\Documents\Emtelco-uniphore coflow\my-express-api\node_modules\express\lib\router\index.js:346:12)
    at next (C:\Users\jcbotero\Documents\Emtelco-uniphore coflow\my-express-api\node_modules\express\lib\router\index.js:280:10)
    at Function.handle (C:\Users\jcbotero\Documents\Emtelco-uniphore coflow\my-express-api\node_modules\express\lib\router\index.js:175:3)
2026-02-16 10:21:27 [info] 📥 Nueva solicitud a /userinfo
2026-02-16 10:21:27 [info] 📡 Iniciando getExcelData() plan="Pospago 5.2 Seg"
2026-02-16 10:21:27 [info] ✔️ Consultas paralelas completadas en 0 ms
2026-02-16 10:21:27 [info] 🏁 Finalizando getExcelData() correctamente
2026-02-16 10:23:09 [info] 📥 Nueva solicitud a /userinfo
2026-02-16 10:23:09 [info] 📡 Iniciando getExcelData() plan="Pospago Fidelizacion 5.0 Plus+_V2 FC"
2026-02-16 10:23:09 [error] TypeError: Cannot read properties of undefined (reading 'descripcion')
    at getExcelData (C:\Users\jcbotero\Documents\Emtelco-uniphore coflow\my-express-api\src\services\getExcelData.js:39:37)
    at getMatrix (C:\Users\jcbotero\Documents\Emtelco-uniphore coflow\my-express-api\src\controllers\index.js:173:28)
    at Layer.handle [as handle_request] (C:\Users\jcbotero\Documents\Emtelco-uniphore coflow\my-express-api\node_modules\express\lib\router\layer.js:95:5)
    at next (C:\Users\jcbotero\Documents\Emtelco-uniphore coflow\my-express-api\node_modules\express\lib\router\route.js:149:13)
    at Route.dispatch (C:\Users\jcbotero\Documents\Emtelco-uniphore coflow\my-express-api\node_modules\express\lib\router\route.js:119:3)
    at Layer.handle [as handle_request] (C:\Users\jcbotero\Documents\Emtelco-uniphore coflow\my-express-api\node_modules\express\lib\router\layer.js:95:5)
    at C:\Users\jcbotero\Documents\Emtelco-uniphore coflow\my-express-api\node_modules\express\lib\router\index.js:284:15
    at Function.process_params (C:\Users\jcbotero\Documents\Emtelco-uniphore coflow\my-express-api\node_modules\express\lib\router\index.js:346:12)
    at next (C:\Users\jcbotero\Documents\Emtelco-uniphore coflow\my-express-api\node_modules\express\lib\router\index.js:280:10)
    at Function.handle (C:\Users\jcbotero\Documents\Emtelco-uniphore coflow\my-express-api\node_modules\express\lib\router\index.js:175:3)
2026-02-16 10:23:15 [info] 📥 Nueva solicitud a /update-matrix
2026-02-16 10:23:17 [info] 📥 Nueva solicitud a /userinfo
2026-02-16 10:23:17 [info] 📡 Iniciando getExcelData() plan="Pospago Fidelizacion 5.0 Plus+_V2 FC"
2026-02-16 10:23:18 [error] TypeError: Cannot read properties of undefined (reading 'descripcion')
    at getExcelData (C:\Users\jcbotero\Documents\Emtelco-uniphore coflow\my-express-api\src\services\getExcelData.js:39:37)
    at getMatrix (C:\Users\jcbotero\Documents\Emtelco-uniphore coflow\my-express-api\src\controllers\index.js:173:28)
    at Layer.handle [as handle_request] (C:\Users\jcbotero\Documents\Emtelco-uniphore coflow\my-express-api\node_modules\express\lib\router\layer.js:95:5)
    at next (C:\Users\jcbotero\Documents\Emtelco-uniphore coflow\my-express-api\node_modules\express\lib\router\route.js:149:13)
    at Route.dispatch (C:\Users\jcbotero\Documents\Emtelco-uniphore coflow\my-express-api\node_modules\express\lib\router\route.js:119:3)
    at Layer.handle [as handle_request] (C:\Users\jcbotero\Documents\Emtelco-uniphore coflow\my-express-api\node_modules\express\lib\router\layer.js:95:5)
    at C:\Users\jcbotero\Documents\Emtelco-uniphore coflow\my-express-api\node_modules\express\lib\router\index.js:284:15
    at Function.process_params (C:\Users\jcbotero\Documents\Emtelco-uniphore coflow\my-express-api\node_modules\express\lib\router\index.js:346:12)
    at next (C:\Users\jcbotero\Documents\Emtelco-uniphore coflow\my-express-api\node_modules\express\lib\router\index.js:280:10)
    at Function.handle (C:\Users\jcbotero\Documents\Emtelco-uniphore coflow\my-express-api\node_modules\express\lib\router\index.js:175:3)
2026-02-16 10:24:55 [info] 📥 Nueva solicitud a /userinfo
2026-02-16 10:24:55 [info] 📡 Iniciando getExcelData() plan="Pospago Fidelizacion 5.0 Plus+_V2 FC"
2026-02-16 10:24:55 [error] ReferenceError: crossOriginIsolated is not defined
    at getExcelData (C:\Users\jcbotero\Documents\Emtelco-uniphore coflow\my-express-api\src\services\getExcelData.js:16:5)
    at getMatrix (C:\Users\jcbotero\Documents\Emtelco-uniphore coflow\my-express-api\src\controllers\index.js:173:28)
    at Layer.handle [as handle_request] (C:\Users\jcbotero\Documents\Emtelco-uniphore coflow\my-express-api\node_modules\express\lib\router\layer.js:95:5)
    at next (C:\Users\jcbotero\Documents\Emtelco-uniphore coflow\my-express-api\node_modules\express\lib\router\route.js:149:13)
    at Route.dispatch (C:\Users\jcbotero\Documents\Emtelco-uniphore coflow\my-express-api\node_modules\express\lib\router\route.js:119:3)
    at Layer.handle [as handle_request] (C:\Users\jcbotero\Documents\Emtelco-uniphore coflow\my-express-api\node_modules\express\lib\router\layer.js:95:5)
    at C:\Users\jcbotero\Documents\Emtelco-uniphore coflow\my-express-api\node_modules\express\lib\router\index.js:284:15
    at Function.process_params (C:\Users\jcbotero\Documents\Emtelco-uniphore coflow\my-express-api\node_modules\express\lib\router\index.js:346:12)
    at next (C:\Users\jcbotero\Documents\Emtelco-uniphore coflow\my-express-api\node_modules\express\lib\router\index.js:280:10)
    at Function.handle (C:\Users\jcbotero\Documents\Emtelco-uniphore coflow\my-express-api\node_modules\express\lib\router\index.js:175:3)
2026-02-16 10:25:09 [info] 📥 Nueva solicitud a /userinfo
2026-02-16 10:25:09 [info] 📡 Iniciando getExcelData() plan="Pospago Fidelizacion 5.0 Plus+_V2 FC"
2026-02-16 10:25:09 [error] TypeError: Cannot read properties of null (reading 'reventa')
    at getExcelData (C:\Users\jcbotero\Documents\Emtelco-uniphore coflow\my-express-api\src\services\getExcelData.js:18:14)
    at getMatrix (C:\Users\jcbotero\Documents\Emtelco-uniphore coflow\my-express-api\src\controllers\index.js:173:28)
    at Layer.handle [as handle_request] (C:\Users\jcbotero\Documents\Emtelco-uniphore coflow\my-express-api\node_modules\express\lib\router\layer.js:95:5)
    at next (C:\Users\jcbotero\Documents\Emtelco-uniphore coflow\my-express-api\node_modules\express\lib\router\route.js:149:13)
    at Route.dispatch (C:\Users\jcbotero\Documents\Emtelco-uniphore coflow\my-express-api\node_modules\express\lib\router\route.js:119:3)
    at Layer.handle [as handle_request] (C:\Users\jcbotero\Documents\Emtelco-uniphore coflow\my-express-api\node_modules\express\lib\router\layer.js:95:5)
    at C:\Users\jcbotero\Documents\Emtelco-uniphore coflow\my-express-api\node_modules\express\lib\router\index.js:284:15
    at Function.process_params (C:\Users\jcbotero\Documents\Emtelco-uniphore coflow\my-express-api\node_modules\express\lib\router\index.js:346:12)
    at next (C:\Users\jcbotero\Documents\Emtelco-uniphore coflow\my-express-api\node_modules\express\lib\router\index.js:280:10)
    at Function.handle (C:\Users\jcbotero\Documents\Emtelco-uniphore coflow\my-express-api\node_modules\express\lib\router\index.js:175:3)
2026-02-16 10:25:32 [info] 📥 Nueva solicitud a /userinfo
2026-02-16 10:25:32 [info] 📡 Iniciando getExcelData() plan="Pospago 5.2 Plus Seg"
2026-02-16 10:25:32 [error] TypeError: Cannot read properties of null (reading 'reventa')
    at getExcelData (C:\Users\jcbotero\Documents\Emtelco-uniphore coflow\my-express-api\src\services\getExcelData.js:18:14)
    at getMatrix (C:\Users\jcbotero\Documents\Emtelco-uniphore coflow\my-express-api\src\controllers\index.js:173:28)
    at Layer.handle [as handle_request] (C:\Users\jcbotero\Documents\Emtelco-uniphore coflow\my-express-api\node_modules\express\lib\router\layer.js:95:5)
    at next (C:\Users\jcbotero\Documents\Emtelco-uniphore coflow\my-express-api\node_modules\express\lib\router\route.js:149:13)
    at Route.dispatch (C:\Users\jcbotero\Documents\Emtelco-uniphore coflow\my-express-api\node_modules\express\lib\router\route.js:119:3)
    at Layer.handle [as handle_request] (C:\Users\jcbotero\Documents\Emtelco-uniphore coflow\my-express-api\node_modules\express\lib\router\layer.js:95:5)
    at C:\Users\jcbotero\Documents\Emtelco-uniphore coflow\my-express-api\node_modules\express\lib\router\index.js:284:15
    at Function.process_params (C:\Users\jcbotero\Documents\Emtelco-uniphore coflow\my-express-api\node_modules\express\lib\router\index.js:346:12)
    at next (C:\Users\jcbotero\Documents\Emtelco-uniphore coflow\my-express-api\node_modules\express\lib\router\index.js:280:10)
    at Function.handle (C:\Users\jcbotero\Documents\Emtelco-uniphore coflow\my-express-api\node_modules\express\lib\router\index.js:175:3)
2026-02-16 10:27:06 [info] 📥 Nueva solicitud a /userinfo
2026-02-16 10:27:06 [info] 📡 Iniciando getExcelData() plan="Pospago Fidelizacion 5.0 Plus+ FC"
2026-02-16 10:27:06 [error] TypeError: Cannot read properties of null (reading 'reventa')
    at getExcelData (C:\Users\jcbotero\Documents\Emtelco-uniphore coflow\my-express-api\src\services\getExcelData.js:18:14)
    at getMatrix (C:\Users\jcbotero\Documents\Emtelco-uniphore coflow\my-express-api\src\controllers\index.js:173:28)
    at Layer.handle [as handle_request] (C:\Users\jcbotero\Documents\Emtelco-uniphore coflow\my-express-api\node_modules\express\lib\router\layer.js:95:5)
    at next (C:\Users\jcbotero\Documents\Emtelco-uniphore coflow\my-express-api\node_modules\express\lib\router\route.js:149:13)
    at Route.dispatch (C:\Users\jcbotero\Documents\Emtelco-uniphore coflow\my-express-api\node_modules\express\lib\router\route.js:119:3)
    at Layer.handle [as handle_request] (C:\Users\jcbotero\Documents\Emtelco-uniphore coflow\my-express-api\node_modules\express\lib\router\layer.js:95:5)
    at C:\Users\jcbotero\Documents\Emtelco-uniphore coflow\my-express-api\node_modules\express\lib\router\index.js:284:15
    at Function.process_params (C:\Users\jcbotero\Documents\Emtelco-uniphore coflow\my-express-api\node_modules\express\lib\router\index.js:346:12)
    at next (C:\Users\jcbotero\Documents\Emtelco-uniphore coflow\my-express-api\node_modules\express\lib\router\index.js:280:10)
    at Function.handle (C:\Users\jcbotero\Documents\Emtelco-uniphore coflow\my-express-api\node_modules\express\lib\router\index.js:175:3)
2026-02-16 10:27:25 [info] 📥 Nueva solicitud a /userinfo
2026-02-16 10:27:25 [info] 📡 Iniciando getExcelData() plan="Pospago 5.11"
2026-02-16 10:27:25 [error] TypeError: Cannot read properties of null (reading 'reventa')
    at getExcelData (C:\Users\jcbotero\Documents\Emtelco-uniphore coflow\my-express-api\src\services\getExcelData.js:18:14)
    at getMatrix (C:\Users\jcbotero\Documents\Emtelco-uniphore coflow\my-express-api\src\controllers\index.js:173:28)
    at Layer.handle [as handle_request] (C:\Users\jcbotero\Documents\Emtelco-uniphore coflow\my-express-api\node_modules\express\lib\router\layer.js:95:5)
    at next (C:\Users\jcbotero\Documents\Emtelco-uniphore coflow\my-express-api\node_modules\express\lib\router\route.js:149:13)
    at Route.dispatch (C:\Users\jcbotero\Documents\Emtelco-uniphore coflow\my-express-api\node_modules\express\lib\router\route.js:119:3)
    at Layer.handle [as handle_request] (C:\Users\jcbotero\Documents\Emtelco-uniphore coflow\my-express-api\node_modules\express\lib\router\layer.js:95:5)
    at C:\Users\jcbotero\Documents\Emtelco-uniphore coflow\my-express-api\node_modules\express\lib\router\index.js:284:15
    at Function.process_params (C:\Users\jcbotero\Documents\Emtelco-uniphore coflow\my-express-api\node_modules\express\lib\router\index.js:346:12)
    at next (C:\Users\jcbotero\Documents\Emtelco-uniphore coflow\my-express-api\node_modules\express\lib\router\index.js:280:10)
    at Function.handle (C:\Users\jcbotero\Documents\Emtelco-uniphore coflow\my-express-api\node_modules\express\lib\router\index.js:175:3)
2026-02-16 10:27:49 [info] 📥 Nueva solicitud a /userinfo
2026-02-16 10:27:49 [info] 📡 Iniciando getExcelData() plan="Pospago 5.0 Fidelizacion Seg"
2026-02-16 10:27:49 [error] TypeError: Cannot read properties of null (reading 'reventa')
    at getExcelData (C:\Users\jcbotero\Documents\Emtelco-uniphore coflow\my-express-api\src\services\getExcelData.js:18:14)
    at getMatrix (C:\Users\jcbotero\Documents\Emtelco-uniphore coflow\my-express-api\src\controllers\index.js:173:28)
    at Layer.handle [as handle_request] (C:\Users\jcbotero\Documents\Emtelco-uniphore coflow\my-express-api\node_modules\express\lib\router\layer.js:95:5)
    at next (C:\Users\jcbotero\Documents\Emtelco-uniphore coflow\my-express-api\node_modules\express\lib\router\route.js:149:13)
    at Route.dispatch (C:\Users\jcbotero\Documents\Emtelco-uniphore coflow\my-express-api\node_modules\express\lib\router\route.js:119:3)
    at Layer.handle [as handle_request] (C:\Users\jcbotero\Documents\Emtelco-uniphore coflow\my-express-api\node_modules\express\lib\router\layer.js:95:5)
    at C:\Users\jcbotero\Documents\Emtelco-uniphore coflow\my-express-api\node_modules\express\lib\router\index.js:284:15
    at Function.process_params (C:\Users\jcbotero\Documents\Emtelco-uniphore coflow\my-express-api\node_modules\express\lib\router\index.js:346:12)
    at next (C:\Users\jcbotero\Documents\Emtelco-uniphore coflow\my-express-api\node_modules\express\lib\router\index.js:280:10)
    at Function.handle (C:\Users\jcbotero\Documents\Emtelco-uniphore coflow\my-express-api\node_modules\express\lib\router\index.js:175:3)
2026-02-16 10:29:42 [info] 📥 Nueva solicitud a /userinfo
2026-02-16 10:29:42 [info] 📡 Iniciando getExcelData() plan="Pospago 5.2 Plus Seg"
2026-02-16 10:29:42 [error] TypeError: Cannot read properties of null (reading 'reventa')
    at getExcelData (C:\Users\jcbotero\Documents\Emtelco-uniphore coflow\my-express-api\src\services\getExcelData.js:18:14)
    at getMatrix (C:\Users\jcbotero\Documents\Emtelco-uniphore coflow\my-express-api\src\controllers\index.js:173:28)
    at Layer.handle [as handle_request] (C:\Users\jcbotero\Documents\Emtelco-uniphore coflow\my-express-api\node_modules\express\lib\router\layer.js:95:5)
    at next (C:\Users\jcbotero\Documents\Emtelco-uniphore coflow\my-express-api\node_modules\express\lib\router\route.js:149:13)
    at Route.dispatch (C:\Users\jcbotero\Documents\Emtelco-uniphore coflow\my-express-api\node_modules\express\lib\router\route.js:119:3)
    at Layer.handle [as handle_request] (C:\Users\jcbotero\Documents\Emtelco-uniphore coflow\my-express-api\node_modules\express\lib\router\layer.js:95:5)
    at C:\Users\jcbotero\Documents\Emtelco-uniphore coflow\my-express-api\node_modules\express\lib\router\index.js:284:15
    at Function.process_params (C:\Users\jcbotero\Documents\Emtelco-uniphore coflow\my-express-api\node_modules\express\lib\router\index.js:346:12)
    at next (C:\Users\jcbotero\Documents\Emtelco-uniphore coflow\my-express-api\node_modules\express\lib\router\index.js:280:10)
    at Function.handle (C:\Users\jcbotero\Documents\Emtelco-uniphore coflow\my-express-api\node_modules\express\lib\router\index.js:175:3)
2026-02-16 10:29:53 [info] 📥 Nueva solicitud a /userinfo
2026-02-16 10:29:53 [info] 📡 Iniciando getExcelData() plan="Pospago 5.2"
2026-02-16 10:29:53 [error] TypeError: Cannot read properties of null (reading 'reventa')
    at getExcelData (C:\Users\jcbotero\Documents\Emtelco-uniphore coflow\my-express-api\src\services\getExcelData.js:18:14)
    at getMatrix (C:\Users\jcbotero\Documents\Emtelco-uniphore coflow\my-express-api\src\controllers\index.js:173:28)
    at Layer.handle [as handle_request] (C:\Users\jcbotero\Documents\Emtelco-uniphore coflow\my-express-api\node_modules\express\lib\router\layer.js:95:5)
    at next (C:\Users\jcbotero\Documents\Emtelco-uniphore coflow\my-express-api\node_modules\express\lib\router\route.js:149:13)
    at Route.dispatch (C:\Users\jcbotero\Documents\Emtelco-uniphore coflow\my-express-api\node_modules\express\lib\router\route.js:119:3)
    at Layer.handle [as handle_request] (C:\Users\jcbotero\Documents\Emtelco-uniphore coflow\my-express-api\node_modules\express\lib\router\layer.js:95:5)
    at C:\Users\jcbotero\Documents\Emtelco-uniphore coflow\my-express-api\node_modules\express\lib\router\index.js:284:15
    at Function.process_params (C:\Users\jcbotero\Documents\Emtelco-uniphore coflow\my-express-api\node_modules\express\lib\router\index.js:346:12)
    at next (C:\Users\jcbotero\Documents\Emtelco-uniphore coflow\my-express-api\node_modules\express\lib\router\index.js:280:10)
    at Function.handle (C:\Users\jcbotero\Documents\Emtelco-uniphore coflow\my-express-api\node_modules\express\lib\router\index.js:175:3)
2026-02-16 10:32:31 [info] 📥 Nueva solicitud a /userinfo
2026-02-16 10:32:31 [info] 📡 Iniciando getExcelData() plan="Pospago 5.2 plus"
2026-02-16 10:32:31 [error] TypeError: Cannot read properties of null (reading 'reventa')
    at getExcelData (C:\Users\jcbotero\Documents\Emtelco-uniphore coflow\my-express-api\src\services\getExcelData.js:18:14)
    at getMatrix (C:\Users\jcbotero\Documents\Emtelco-uniphore coflow\my-express-api\src\controllers\index.js:173:28)
    at Layer.handle [as handle_request] (C:\Users\jcbotero\Documents\Emtelco-uniphore coflow\my-express-api\node_modules\express\lib\router\layer.js:95:5)
    at next (C:\Users\jcbotero\Documents\Emtelco-uniphore coflow\my-express-api\node_modules\express\lib\router\route.js:149:13)
    at Route.dispatch (C:\Users\jcbotero\Documents\Emtelco-uniphore coflow\my-express-api\node_modules\express\lib\router\route.js:119:3)
    at Layer.handle [as handle_request] (C:\Users\jcbotero\Documents\Emtelco-uniphore coflow\my-express-api\node_modules\express\lib\router\layer.js:95:5)
    at C:\Users\jcbotero\Documents\Emtelco-uniphore coflow\my-express-api\node_modules\express\lib\router\index.js:284:15
    at Function.process_params (C:\Users\jcbotero\Documents\Emtelco-uniphore coflow\my-express-api\node_modules\express\lib\router\index.js:346:12)
    at next (C:\Users\jcbotero\Documents\Emtelco-uniphore coflow\my-express-api\node_modules\express\lib\router\index.js:280:10)
    at Function.handle (C:\Users\jcbotero\Documents\Emtelco-uniphore coflow\my-express-api\node_modules\express\lib\router\index.js:175:3)
2026-02-16 10:34:09 [info] 📥 Nueva solicitud a /userinfo
2026-02-16 10:34:09 [info] 📡 Iniciando getExcelData() plan="Pospago 5.2 Seg"
2026-02-16 10:34:09 [error] TypeError: Cannot read properties of null (reading 'reventa')
    at getExcelData (C:\Users\jcbotero\Documents\Emtelco-uniphore coflow\my-express-api\src\services\getExcelData.js:18:14)
    at getMatrix (C:\Users\jcbotero\Documents\Emtelco-uniphore coflow\my-express-api\src\controllers\index.js:173:28)
    at Layer.handle [as handle_request] (C:\Users\jcbotero\Documents\Emtelco-uniphore coflow\my-express-api\node_modules\express\lib\router\layer.js:95:5)
    at next (C:\Users\jcbotero\Documents\Emtelco-uniphore coflow\my-express-api\node_modules\express\lib\router\route.js:149:13)
    at Route.dispatch (C:\Users\jcbotero\Documents\Emtelco-uniphore coflow\my-express-api\node_modules\express\lib\router\route.js:119:3)
    at Layer.handle [as handle_request] (C:\Users\jcbotero\Documents\Emtelco-uniphore coflow\my-express-api\node_modules\express\lib\router\layer.js:95:5)
    at C:\Users\jcbotero\Documents\Emtelco-uniphore coflow\my-express-api\node_modules\express\lib\router\index.js:284:15
    at Function.process_params (C:\Users\jcbotero\Documents\Emtelco-uniphore coflow\my-express-api\node_modules\express\lib\router\index.js:346:12)
    at next (C:\Users\jcbotero\Documents\Emtelco-uniphore coflow\my-express-api\node_modules\express\lib\router\index.js:280:10)
    at Function.handle (C:\Users\jcbotero\Documents\Emtelco-uniphore coflow\my-express-api\node_modules\express\lib\router\index.js:175:3)
2026-02-16 10:34:58 [info] 📥 Nueva solicitud a /update-matrix
2026-02-16 10:34:59 [info] 📥 Nueva solicitud a /userinfo
2026-02-16 10:34:59 [info] 📡 Iniciando getExcelData() plan="Pospago Fidelizacion 5.0 Plus+_V2 FC"
2026-02-16 10:34:59 [error] TypeError: Cannot read properties of undefined (reading 'descripcion')
    at getExcelData (C:\Users\jcbotero\Documents\Emtelco-uniphore coflow\my-express-api\src\services\getExcelData.js:40:37)
    at getMatrix (C:\Users\jcbotero\Documents\Emtelco-uniphore coflow\my-express-api\src\controllers\index.js:173:28)
    at Layer.handle [as handle_request] (C:\Users\jcbotero\Documents\Emtelco-uniphore coflow\my-express-api\node_modules\express\lib\router\layer.js:95:5)
    at next (C:\Users\jcbotero\Documents\Emtelco-uniphore coflow\my-express-api\node_modules\express\lib\router\route.js:149:13)
    at Route.dispatch (C:\Users\jcbotero\Documents\Emtelco-uniphore coflow\my-express-api\node_modules\express\lib\router\route.js:119:3)
    at Layer.handle [as handle_request] (C:\Users\jcbotero\Documents\Emtelco-uniphore coflow\my-express-api\node_modules\express\lib\router\layer.js:95:5)
    at C:\Users\jcbotero\Documents\Emtelco-uniphore coflow\my-express-api\node_modules\express\lib\router\index.js:284:15
    at Function.process_params (C:\Users\jcbotero\Documents\Emtelco-uniphore coflow\my-express-api\node_modules\express\lib\router\index.js:346:12)
    at next (C:\Users\jcbotero\Documents\Emtelco-uniphore coflow\my-express-api\node_modules\express\lib\router\index.js:280:10)
    at Function.handle (C:\Users\jcbotero\Documents\Emtelco-uniphore coflow\my-express-api\node_modules\express\lib\router\index.js:175:3)
2026-02-16 10:35:29 [info] 📥 Nueva solicitud a /userinfo
2026-02-16 10:35:29 [info] 📡 Iniciando getExcelData() plan="Pospago Fidelizacion 5.0 Plus+_V2 FC"
2026-02-16 10:35:29 [error] TypeError: Cannot read properties of null (reading 'reventa')
    at getExcelData (C:\Users\jcbotero\Documents\Emtelco-uniphore coflow\my-express-api\src\services\getExcelData.js:18:14)
    at getMatrix (C:\Users\jcbotero\Documents\Emtelco-uniphore coflow\my-express-api\src\controllers\index.js:173:28)
    at Layer.handle [as handle_request] (C:\Users\jcbotero\Documents\Emtelco-uniphore coflow\my-express-api\node_modules\express\lib\router\layer.js:95:5)
    at next (C:\Users\jcbotero\Documents\Emtelco-uniphore coflow\my-express-api\node_modules\express\lib\router\route.js:149:13)
    at Route.dispatch (C:\Users\jcbotero\Documents\Emtelco-uniphore coflow\my-express-api\node_modules\express\lib\router\route.js:119:3)
    at Layer.handle [as handle_request] (C:\Users\jcbotero\Documents\Emtelco-uniphore coflow\my-express-api\node_modules\express\lib\router\layer.js:95:5)
    at C:\Users\jcbotero\Documents\Emtelco-uniphore coflow\my-express-api\node_modules\express\lib\router\index.js:284:15
    at Function.process_params (C:\Users\jcbotero\Documents\Emtelco-uniphore coflow\my-express-api\node_modules\express\lib\router\index.js:346:12)
    at next (C:\Users\jcbotero\Documents\Emtelco-uniphore coflow\my-express-api\node_modules\express\lib\router\index.js:280:10)
    at Function.handle (C:\Users\jcbotero\Documents\Emtelco-uniphore coflow\my-express-api\node_modules\express\lib\router\index.js:175:3)
2026-02-16 10:36:11 [info] 📥 Nueva solicitud a /userinfo
2026-02-16 10:36:11 [info] 📡 Iniciando getExcelData() plan="Pospago Fidelizacion 5.0 Plus+_V2 FC"
2026-02-16 10:36:11 [error] TypeError: Cannot read properties of null (reading 'reventa')
    at getExcelData (C:\Users\jcbotero\Documents\Emtelco-uniphore coflow\my-express-api\src\services\getExcelData.js:18:14)
    at getMatrix (C:\Users\jcbotero\Documents\Emtelco-uniphore coflow\my-express-api\src\controllers\index.js:173:28)
    at Layer.handle [as handle_request] (C:\Users\jcbotero\Documents\Emtelco-uniphore coflow\my-express-api\node_modules\express\lib\router\layer.js:95:5)
    at next (C:\Users\jcbotero\Documents\Emtelco-uniphore coflow\my-express-api\node_modules\express\lib\router\route.js:149:13)
    at Route.dispatch (C:\Users\jcbotero\Documents\Emtelco-uniphore coflow\my-express-api\node_modules\express\lib\router\route.js:119:3)
    at Layer.handle [as handle_request] (C:\Users\jcbotero\Documents\Emtelco-uniphore coflow\my-express-api\node_modules\express\lib\router\layer.js:95:5)
    at C:\Users\jcbotero\Documents\Emtelco-uniphore coflow\my-express-api\node_modules\express\lib\router\index.js:284:15
    at Function.process_params (C:\Users\jcbotero\Documents\Emtelco-uniphore coflow\my-express-api\node_modules\express\lib\router\index.js:346:12)
    at next (C:\Users\jcbotero\Documents\Emtelco-uniphore coflow\my-express-api\node_modules\express\lib\router\index.js:280:10)
    at Function.handle (C:\Users\jcbotero\Documents\Emtelco-uniphore coflow\my-express-api\node_modules\express\lib\router\index.js:175:3)
2026-02-16 10:36:22 [info] 📥 Nueva solicitud a /update-matrix
2026-02-16 10:36:24 [info] 📥 Nueva solicitud a /userinfo
2026-02-16 10:36:24 [info] 📡 Iniciando getExcelData() plan="Pospago Fidelizacion 5.0 Plus+_V2 FC"
2026-02-16 10:36:24 [error] TypeError: Cannot read properties of undefined (reading 'descripcion')
    at getExcelData (C:\Users\jcbotero\Documents\Emtelco-uniphore coflow\my-express-api\src\services\getExcelData.js:41:37)
    at getMatrix (C:\Users\jcbotero\Documents\Emtelco-uniphore coflow\my-express-api\src\controllers\index.js:173:28)
    at Layer.handle [as handle_request] (C:\Users\jcbotero\Documents\Emtelco-uniphore coflow\my-express-api\node_modules\express\lib\router\layer.js:95:5)
    at next (C:\Users\jcbotero\Documents\Emtelco-uniphore coflow\my-express-api\node_modules\express\lib\router\route.js:149:13)
    at Route.dispatch (C:\Users\jcbotero\Documents\Emtelco-uniphore coflow\my-express-api\node_modules\express\lib\router\route.js:119:3)
    at Layer.handle [as handle_request] (C:\Users\jcbotero\Documents\Emtelco-uniphore coflow\my-express-api\node_modules\express\lib\router\layer.js:95:5)
    at C:\Users\jcbotero\Documents\Emtelco-uniphore coflow\my-express-api\node_modules\express\lib\router\index.js:284:15
    at Function.process_params (C:\Users\jcbotero\Documents\Emtelco-uniphore coflow\my-express-api\node_modules\express\lib\router\index.js:346:12)
    at next (C:\Users\jcbotero\Documents\Emtelco-uniphore coflow\my-express-api\node_modules\express\lib\router\index.js:280:10)
    at Function.handle (C:\Users\jcbotero\Documents\Emtelco-uniphore coflow\my-express-api\node_modules\express\lib\router\index.js:175:3)
2026-02-16 10:38:27 [info] 📥 Nueva solicitud a /userinfo
2026-02-16 10:38:27 [info] 📡 Iniciando getExcelData() plan="Pospago Fidelizacion 5.0 Plus+ FC"
2026-02-16 10:38:27 [error] TypeError: Cannot read properties of undefined (reading 'descripcion')
    at getExcelData (C:\Users\jcbotero\Documents\Emtelco-uniphore coflow\my-express-api\src\services\getExcelData.js:41:37)
    at getMatrix (C:\Users\jcbotero\Documents\Emtelco-uniphore coflow\my-express-api\src\controllers\index.js:173:28)
    at Layer.handle [as handle_request] (C:\Users\jcbotero\Documents\Emtelco-uniphore coflow\my-express-api\node_modules\express\lib\router\layer.js:95:5)
    at next (C:\Users\jcbotero\Documents\Emtelco-uniphore coflow\my-express-api\node_modules\express\lib\router\route.js:149:13)
    at Route.dispatch (C:\Users\jcbotero\Documents\Emtelco-uniphore coflow\my-express-api\node_modules\express\lib\router\route.js:119:3)
    at Layer.handle [as handle_request] (C:\Users\jcbotero\Documents\Emtelco-uniphore coflow\my-express-api\node_modules\express\lib\router\layer.js:95:5)
    at C:\Users\jcbotero\Documents\Emtelco-uniphore coflow\my-express-api\node_modules\express\lib\router\index.js:284:15
    at Function.process_params (C:\Users\jcbotero\Documents\Emtelco-uniphore coflow\my-express-api\node_modules\express\lib\router\index.js:346:12)
    at next (C:\Users\jcbotero\Documents\Emtelco-uniphore coflow\my-express-api\node_modules\express\lib\router\index.js:280:10)
    at Function.handle (C:\Users\jcbotero\Documents\Emtelco-uniphore coflow\my-express-api\node_modules\express\lib\router\index.js:175:3)
2026-02-16 10:38:50 [info] 📥 Nueva solicitud a /userinfo
2026-02-16 10:38:50 [info] 📡 Iniciando getExcelData() plan="Pospago 5.11"
2026-02-16 10:38:50 [error] TypeError: Cannot read properties of undefined (reading 'descripcion')
    at getExcelData (C:\Users\jcbotero\Documents\Emtelco-uniphore coflow\my-express-api\src\services\getExcelData.js:41:37)
    at getMatrix (C:\Users\jcbotero\Documents\Emtelco-uniphore coflow\my-express-api\src\controllers\index.js:173:28)
    at Layer.handle [as handle_request] (C:\Users\jcbotero\Documents\Emtelco-uniphore coflow\my-express-api\node_modules\express\lib\router\layer.js:95:5)
    at next (C:\Users\jcbotero\Documents\Emtelco-uniphore coflow\my-express-api\node_modules\express\lib\router\route.js:149:13)
    at Route.dispatch (C:\Users\jcbotero\Documents\Emtelco-uniphore coflow\my-express-api\node_modules\express\lib\router\route.js:119:3)
    at Layer.handle [as handle_request] (C:\Users\jcbotero\Documents\Emtelco-uniphore coflow\my-express-api\node_modules\express\lib\router\layer.js:95:5)
    at C:\Users\jcbotero\Documents\Emtelco-uniphore coflow\my-express-api\node_modules\express\lib\router\index.js:284:15
    at Function.process_params (C:\Users\jcbotero\Documents\Emtelco-uniphore coflow\my-express-api\node_modules\express\lib\router\index.js:346:12)
    at next (C:\Users\jcbotero\Documents\Emtelco-uniphore coflow\my-express-api\node_modules\express\lib\router\index.js:280:10)
    at Function.handle (C:\Users\jcbotero\Documents\Emtelco-uniphore coflow\my-express-api\node_modules\express\lib\router\index.js:175:3)
2026-02-16 10:39:12 [info] 📥 Nueva solicitud a /userinfo
2026-02-16 10:39:12 [info] 📡 Iniciando getExcelData() plan="Pospago 5.0 Fidelizacion Seg"
2026-02-16 10:39:12 [error] TypeError: Cannot read properties of undefined (reading 'descripcion')
    at getExcelData (C:\Users\jcbotero\Documents\Emtelco-uniphore coflow\my-express-api\src\services\getExcelData.js:41:37)
    at getMatrix (C:\Users\jcbotero\Documents\Emtelco-uniphore coflow\my-express-api\src\controllers\index.js:173:28)
    at Layer.handle [as handle_request] (C:\Users\jcbotero\Documents\Emtelco-uniphore coflow\my-express-api\node_modules\express\lib\router\layer.js:95:5)
    at next (C:\Users\jcbotero\Documents\Emtelco-uniphore coflow\my-express-api\node_modules\express\lib\router\route.js:149:13)
    at Route.dispatch (C:\Users\jcbotero\Documents\Emtelco-uniphore coflow\my-express-api\node_modules\express\lib\router\route.js:119:3)
    at Layer.handle [as handle_request] (C:\Users\jcbotero\Documents\Emtelco-uniphore coflow\my-express-api\node_modules\express\lib\router\layer.js:95:5)
    at C:\Users\jcbotero\Documents\Emtelco-uniphore coflow\my-express-api\node_modules\express\lib\router\index.js:284:15
    at Function.process_params (C:\Users\jcbotero\Documents\Emtelco-uniphore coflow\my-express-api\node_modules\express\lib\router\index.js:346:12)
    at next (C:\Users\jcbotero\Documents\Emtelco-uniphore coflow\my-express-api\node_modules\express\lib\router\index.js:280:10)
    at Function.handle (C:\Users\jcbotero\Documents\Emtelco-uniphore coflow\my-express-api\node_modules\express\lib\router\index.js:175:3)
2026-02-16 10:40:22 [info] 📥 Nueva solicitud a /update-matrix
2026-02-16 10:40:24 [info] 📥 Nueva solicitud a /userinfo
2026-02-16 10:40:24 [info] 📡 Iniciando getExcelData() plan="Pospago 5.0 Fidelizacion Seg"
2026-02-16 10:40:24 [error] TypeError: Cannot read properties of undefined (reading 'descripcion')
    at getExcelData (C:\Users\jcbotero\Documents\Emtelco-uniphore coflow\my-express-api\src\services\getExcelData.js:43:37)
    at getMatrix (C:\Users\jcbotero\Documents\Emtelco-uniphore coflow\my-express-api\src\controllers\index.js:173:28)
    at Layer.handle [as handle_request] (C:\Users\jcbotero\Documents\Emtelco-uniphore coflow\my-express-api\node_modules\express\lib\router\layer.js:95:5)
    at next (C:\Users\jcbotero\Documents\Emtelco-uniphore coflow\my-express-api\node_modules\express\lib\router\route.js:149:13)
    at Route.dispatch (C:\Users\jcbotero\Documents\Emtelco-uniphore coflow\my-express-api\node_modules\express\lib\router\route.js:119:3)
    at Layer.handle [as handle_request] (C:\Users\jcbotero\Documents\Emtelco-uniphore coflow\my-express-api\node_modules\express\lib\router\layer.js:95:5)
    at C:\Users\jcbotero\Documents\Emtelco-uniphore coflow\my-express-api\node_modules\express\lib\router\index.js:284:15
    at Function.process_params (C:\Users\jcbotero\Documents\Emtelco-uniphore coflow\my-express-api\node_modules\express\lib\router\index.js:346:12)
    at next (C:\Users\jcbotero\Documents\Emtelco-uniphore coflow\my-express-api\node_modules\express\lib\router\index.js:280:10)
    at Function.handle (C:\Users\jcbotero\Documents\Emtelco-uniphore coflow\my-express-api\node_modules\express\lib\router\index.js:175:3)
2026-02-16 10:40:46 [info] 📥 Nueva solicitud a /userinfo
2026-02-16 10:40:46 [info] 📡 Iniciando getExcelData() plan="Pospago 5.0 Fidelizacion Seg"
2026-02-16 10:40:46 [error] TypeError: Cannot read properties of null (reading 'reventa')
    at getExcelData (C:\Users\jcbotero\Documents\Emtelco-uniphore coflow\my-express-api\src\services\getExcelData.js:18:14)
    at getMatrix (C:\Users\jcbotero\Documents\Emtelco-uniphore coflow\my-express-api\src\controllers\index.js:173:28)
    at Layer.handle [as handle_request] (C:\Users\jcbotero\Documents\Emtelco-uniphore coflow\my-express-api\node_modules\express\lib\router\layer.js:95:5)
    at next (C:\Users\jcbotero\Documents\Emtelco-uniphore coflow\my-express-api\node_modules\express\lib\router\route.js:149:13)
    at Route.dispatch (C:\Users\jcbotero\Documents\Emtelco-uniphore coflow\my-express-api\node_modules\express\lib\router\route.js:119:3)
    at Layer.handle [as handle_request] (C:\Users\jcbotero\Documents\Emtelco-uniphore coflow\my-express-api\node_modules\express\lib\router\layer.js:95:5)
    at C:\Users\jcbotero\Documents\Emtelco-uniphore coflow\my-express-api\node_modules\express\lib\router\index.js:284:15
    at Function.process_params (C:\Users\jcbotero\Documents\Emtelco-uniphore coflow\my-express-api\node_modules\express\lib\router\index.js:346:12)
    at next (C:\Users\jcbotero\Documents\Emtelco-uniphore coflow\my-express-api\node_modules\express\lib\router\index.js:280:10)
    at Function.handle (C:\Users\jcbotero\Documents\Emtelco-uniphore coflow\my-express-api\node_modules\express\lib\router\index.js:175:3)
2026-02-16 10:40:52 [info] 📥 Nueva solicitud a /update-matrix
2026-02-16 10:40:53 [info] 📥 Nueva solicitud a /userinfo
2026-02-16 10:40:53 [info] 📡 Iniciando getExcelData() plan="Pospago 5.0 Fidelizacion Seg"
2026-02-16 10:40:53 [error] ReferenceError: Cannot access 'data' before initialization
    at getExcelData (C:\Users\jcbotero\Documents\Emtelco-uniphore coflow\my-express-api\src\services\getExcelData.js:36:20)
    at getMatrix (C:\Users\jcbotero\Documents\Emtelco-uniphore coflow\my-express-api\src\controllers\index.js:173:28)
    at Layer.handle [as handle_request] (C:\Users\jcbotero\Documents\Emtelco-uniphore coflow\my-express-api\node_modules\express\lib\router\layer.js:95:5)
    at next (C:\Users\jcbotero\Documents\Emtelco-uniphore coflow\my-express-api\node_modules\express\lib\router\route.js:149:13)
    at Route.dispatch (C:\Users\jcbotero\Documents\Emtelco-uniphore coflow\my-express-api\node_modules\express\lib\router\route.js:119:3)
    at Layer.handle [as handle_request] (C:\Users\jcbotero\Documents\Emtelco-uniphore coflow\my-express-api\node_modules\express\lib\router\layer.js:95:5)
    at C:\Users\jcbotero\Documents\Emtelco-uniphore coflow\my-express-api\node_modules\express\lib\router\index.js:284:15
    at Function.process_params (C:\Users\jcbotero\Documents\Emtelco-uniphore coflow\my-express-api\node_modules\express\lib\router\index.js:346:12)
    at next (C:\Users\jcbotero\Documents\Emtelco-uniphore coflow\my-express-api\node_modules\express\lib\router\index.js:280:10)
    at Function.handle (C:\Users\jcbotero\Documents\Emtelco-uniphore coflow\my-express-api\node_modules\express\lib\router\index.js:175:3)
2026-02-16 10:41:08 [info] 📥 Nueva solicitud a /userinfo
2026-02-16 10:41:08 [info] 📡 Iniciando getExcelData() plan="Pospago 5.0 Fidelizacion Seg"
2026-02-16 10:41:08 [error] TypeError: Cannot read properties of null (reading 'reventa')
    at getExcelData (C:\Users\jcbotero\Documents\Emtelco-uniphore coflow\my-express-api\src\services\getExcelData.js:18:14)
    at getMatrix (C:\Users\jcbotero\Documents\Emtelco-uniphore coflow\my-express-api\src\controllers\index.js:173:28)
    at Layer.handle [as handle_request] (C:\Users\jcbotero\Documents\Emtelco-uniphore coflow\my-express-api\node_modules\express\lib\router\layer.js:95:5)
    at next (C:\Users\jcbotero\Documents\Emtelco-uniphore coflow\my-express-api\node_modules\express\lib\router\route.js:149:13)
    at Route.dispatch (C:\Users\jcbotero\Documents\Emtelco-uniphore coflow\my-express-api\node_modules\express\lib\router\route.js:119:3)
    at Layer.handle [as handle_request] (C:\Users\jcbotero\Documents\Emtelco-uniphore coflow\my-express-api\node_modules\express\lib\router\layer.js:95:5)
    at C:\Users\jcbotero\Documents\Emtelco-uniphore coflow\my-express-api\node_modules\express\lib\router\index.js:284:15
    at Function.process_params (C:\Users\jcbotero\Documents\Emtelco-uniphore coflow\my-express-api\node_modules\express\lib\router\index.js:346:12)
    at next (C:\Users\jcbotero\Documents\Emtelco-uniphore coflow\my-express-api\node_modules\express\lib\router\index.js:280:10)
    at Function.handle (C:\Users\jcbotero\Documents\Emtelco-uniphore coflow\my-express-api\node_modules\express\lib\router\index.js:175:3)
2026-02-16 10:41:14 [info] 📥 Nueva solicitud a /update-matrix
2026-02-16 10:41:21 [info] 📥 Nueva solicitud a /userinfo
2026-02-16 10:41:21 [info] 📡 Iniciando getExcelData() plan="Pospago 5.0 Fidelizacion Seg"
2026-02-16 10:41:21 [error] ReferenceError: Cannot access 'data' before initialization
    at getExcelData (C:\Users\jcbotero\Documents\Emtelco-uniphore coflow\my-express-api\src\services\getExcelData.js:36:20)
    at getMatrix (C:\Users\jcbotero\Documents\Emtelco-uniphore coflow\my-express-api\src\controllers\index.js:173:28)
    at Layer.handle [as handle_request] (C:\Users\jcbotero\Documents\Emtelco-uniphore coflow\my-express-api\node_modules\express\lib\router\layer.js:95:5)
    at next (C:\Users\jcbotero\Documents\Emtelco-uniphore coflow\my-express-api\node_modules\express\lib\router\route.js:149:13)
    at Route.dispatch (C:\Users\jcbotero\Documents\Emtelco-uniphore coflow\my-express-api\node_modules\express\lib\router\route.js:119:3)
    at Layer.handle [as handle_request] (C:\Users\jcbotero\Documents\Emtelco-uniphore coflow\my-express-api\node_modules\express\lib\router\layer.js:95:5)
    at C:\Users\jcbotero\Documents\Emtelco-uniphore coflow\my-express-api\node_modules\express\lib\router\index.js:284:15
    at Function.process_params (C:\Users\jcbotero\Documents\Emtelco-uniphore coflow\my-express-api\node_modules\express\lib\router\index.js:346:12)
    at next (C:\Users\jcbotero\Documents\Emtelco-uniphore coflow\my-express-api\node_modules\express\lib\router\index.js:280:10)
    at Function.handle (C:\Users\jcbotero\Documents\Emtelco-uniphore coflow\my-express-api\node_modules\express\lib\router\index.js:175:3)
2026-02-16 10:41:52 [info] 📥 Nueva solicitud a /update-matrix
2026-02-16 10:41:58 [info] 📥 Nueva solicitud a /userinfo
2026-02-16 10:41:58 [info] 📡 Iniciando getExcelData() plan="Pospago 5.0 Fidelizacion Seg"
2026-02-16 10:41:58 [error] TypeError: Cannot read properties of undefined (reading 'descripcion')
    at getExcelData (C:\Users\jcbotero\Documents\Emtelco-uniphore coflow\my-express-api\src\services\getExcelData.js:40:37)
    at getMatrix (C:\Users\jcbotero\Documents\Emtelco-uniphore coflow\my-express-api\src\controllers\index.js:173:28)
    at Layer.handle [as handle_request] (C:\Users\jcbotero\Documents\Emtelco-uniphore coflow\my-express-api\node_modules\express\lib\router\layer.js:95:5)
    at next (C:\Users\jcbotero\Documents\Emtelco-uniphore coflow\my-express-api\node_modules\express\lib\router\route.js:149:13)
    at Route.dispatch (C:\Users\jcbotero\Documents\Emtelco-uniphore coflow\my-express-api\node_modules\express\lib\router\route.js:119:3)
    at Layer.handle [as handle_request] (C:\Users\jcbotero\Documents\Emtelco-uniphore coflow\my-express-api\node_modules\express\lib\router\layer.js:95:5)
    at C:\Users\jcbotero\Documents\Emtelco-uniphore coflow\my-express-api\node_modules\express\lib\router\index.js:284:15
    at Function.process_params (C:\Users\jcbotero\Documents\Emtelco-uniphore coflow\my-express-api\node_modules\express\lib\router\index.js:346:12)
    at next (C:\Users\jcbotero\Documents\Emtelco-uniphore coflow\my-express-api\node_modules\express\lib\router\index.js:280:10)
    at Function.handle (C:\Users\jcbotero\Documents\Emtelco-uniphore coflow\my-express-api\node_modules\express\lib\router\index.js:175:3)
2026-02-16 10:42:18 [info] 📥 Nueva solicitud a /update-matrix
2026-02-16 10:42:22 [info] 📥 Nueva solicitud a /userinfo
2026-02-16 10:42:22 [info] 📡 Iniciando getExcelData() plan="Pospago 5.0 Fidelizacion Seg"
2026-02-16 10:42:22 [error] TypeError: Cannot read properties of undefined (reading 'descripcion')
    at getExcelData (C:\Users\jcbotero\Documents\Emtelco-uniphore coflow\my-express-api\src\services\getExcelData.js:41:37)
    at getMatrix (C:\Users\jcbotero\Documents\Emtelco-uniphore coflow\my-express-api\src\controllers\index.js:173:28)
    at Layer.handle [as handle_request] (C:\Users\jcbotero\Documents\Emtelco-uniphore coflow\my-express-api\node_modules\express\lib\router\layer.js:95:5)
    at next (C:\Users\jcbotero\Documents\Emtelco-uniphore coflow\my-express-api\node_modules\express\lib\router\route.js:149:13)
    at Route.dispatch (C:\Users\jcbotero\Documents\Emtelco-uniphore coflow\my-express-api\node_modules\express\lib\router\route.js:119:3)
    at Layer.handle [as handle_request] (C:\Users\jcbotero\Documents\Emtelco-uniphore coflow\my-express-api\node_modules\express\lib\router\layer.js:95:5)
    at C:\Users\jcbotero\Documents\Emtelco-uniphore coflow\my-express-api\node_modules\express\lib\router\index.js:284:15
    at Function.process_params (C:\Users\jcbotero\Documents\Emtelco-uniphore coflow\my-express-api\node_modules\express\lib\router\index.js:346:12)
    at next (C:\Users\jcbotero\Documents\Emtelco-uniphore coflow\my-express-api\node_modules\express\lib\router\index.js:280:10)
    at Function.handle (C:\Users\jcbotero\Documents\Emtelco-uniphore coflow\my-express-api\node_modules\express\lib\router\index.js:175:3)
